Siruta,Localitate,Judet,Mediu
1017,Municipiul Alba Iulia,ab,urban
1071,Ciugud,ab,rural
1151,Oras Abrud,ab,rural
1213,Municipiul Aiud,ab,urban
1348,Municipiul Blaj,ab,urban
1455,Oras Campeni,ab,urban
1696,Oras Cugir,ab,urban
1794,Oras Ocna Mures,ab,urban
1874,Municipiul Sebes,ab,urban
1936,Oras Zlatna,ab,urban
2130,Albac,ab,rural
2309,Almasu Mare,ab,urban
2381,Arieseni,ab,urban
2577,Avram Iancu,ab,urban
2915,Oras Baia De Aries,ab,urban
2988,Berghin,ab,urban
3039,Bistra,ab,urban
3397,Blandiana,ab,rural
3459,Bucium,ab,rural
3761,Cenade,ab,rural
3805,Cergau,ab,rural
3841,Ceru-Bacainti,ab,rural
3958,Cetatea De Balta,ab,rural
4008,Ciuruleasa,ab,urban
4106,Calnic,ab,urban
4142,Cricau,ab,urban
4188,Craciunelu De Jos,ab,urban
4240,Daia Romana,ab,urban
4268,Dostat,ab,urban
4302,Farau,ab,urban
4366,Galda De Jos,ab,urban
4482,Garbova,ab,urban
4525,Garda De Sus,ab,urban
4703,Hoparta,ab,urban
4767,Horea,ab,urban
4927,Ighiu,ab,urban
4981,Intregalde,ab,urban
5103,Jidvei,ab,urban
5167,Livezile,ab,urban
5210,Lopadea Noua,ab,urban
5309,Lunca Muresului,ab,urban
5336,Lupsa,ab,urban
5577,Metes,ab,urban
5700,Mihalt,ab,urban
5755,Miraslau,ab,urban
5826,Mogos,ab,urban
6048,Noslac,ab,urban
6119,Ocolis,ab,urban
6164,Ohaba,ab,urban
6217,Pianu,ab,urban
6271,Poiana Vadului,ab,urban
6397,Ponor,ab,urban
6468,Posaga,ab,urban
6547,Radesti,ab,urban
6592,Rametea,ab,urban
6627,Ramet,ab,urban
6761,Rosia Montana,ab,urban
6930,Rosia De Secas,ab,urban
6976,Salciua,ab,urban
7044,Salistea,ab,urban
7099,Sasciori,ab,urban
7197,Scarisoara,ab,urban
7348,Sancel,ab,urban
7384,Santimbru,ab,urban
7446,Sohodol,ab,urban
7767,Stremt,ab,urban
7810,Sibot,ab,urban
7865,Sona,ab,urban
7945,Spring,ab,urban
8014,Sugag,ab,urban
8096,Oras Teius,ab,urban
8158,Unirea,ab,urban
8229,Vadu Motilor,ab,urban
8354,Valea Lunga,ab,urban
8425,Vidra,ab,urban
8826,Vintu De Jos,ab,urban
9019,Cut,ab,urban
9026,Bucerdea Granoasa,ab,urban
9262,Municipiul Arad,ar,urban
9280,Fantanele,ar,urban
9333,Livada,ar,urban
9360,Sofronea,ar,urban
9397,Vladimirescu,ar,urban
9459,Oras Chisineu-Cris,ar,urban
9495,Oras Curtici,ar,urban
9538,Oras Ineu,ar,urban
9574,Oras Lipova,ar,urban
9627,Oras Nadlac,ar,urban
9654,Oras Pancota,ar,urban
9690,Oras Sebis,ar,urban
9743,Almas,ar,urban
9798,Apateu,ar,urban
9832,Archis,ar,urban
9887,Bata,ar,urban
9930,Beliu,ar,urban
10006,Birchis,ar,urban
10051,Barsa,ar,urban
10104,Barzava,ar,urban
10195,Bocsig,ar,urban
10239,Brazii,ar,urban
10293,Buteni,ar,urban
10346,Carand,ar,urban
10373,Cermei,ar,urban
10417,Chisindia,ar,urban
10453,Conop,ar,urban
10514,Covasint,ar,urban
10532,Craiva,ar,urban
10649,Dezna,ar,urban
10701,Dieci,ar,urban
10765,Ususau,ar,urban
10827,Felnac,ar,urban
10872,Ghioroc,ar,urban
10916,Graniceri,ar,urban
10943,Gurahont,ar,urban
11058,Halmagiu,ar,urban
11174,Halmagel,ar,urban
11236,Hasmas,ar,urban
11307,Ignesti,ar,urban
11352,Iratosu,ar,urban
11398,Macea,ar,urban
11423,Misca,ar,urban
11478,Moneasa,ar,urban
11502,Olari,ar,urban
11539,Paulis,ar,urban
11584,Oras Pecica,ar,urban
11637,Peregu Mare,ar,urban
11664,Petris,ar,urban
11735,Pilu,ar,urban
11762,Plescuta,ar,urban
11842,Savarsin,ar,urban
11940,Secusigiu,ar,urban
11995,Seleus,ar,urban
12037,Semlac,ar,urban
12055,Sintea Mare,ar,urban
12091,Oras Santana,ar,urban
12126,Socodor,ar,urban
12144,Sagu,ar,urban
12206,Seitin,ar,urban
12224,Sepreus,ar,urban
12242,Sicula,ar,urban
12288,Silindia,ar,urban
12340,Simand,ar,urban
12368,Siria,ar,urban
12402,Sistarovat,ar,urban
12457,Taut,ar,urban
12509,Tarnova,ar,urban
12572,Varadia De Mures,ar,urban
12643,Vinga,ar,urban
12689,Varfurile,ar,urban
12778,Zabrani,ar,urban
12812,Zarand,ar,urban
12849,Zerind,ar,urban
12876,Zimandu Nou,ar,urban
12912,Dorobanti,ar,urban
12920,Frumuseni,ar,urban
12938,Zadareni,ar,urban
13169,Municipiul Pitesti,ag,urban
13187,Bascov,ag,urban
13276,Bradu,ag,urban
13301,Oras Mioveni,ag,urban
13365,Maracineni,ag,urban
13392,Oras Stefanesti,ag,urban
13490,Municipiul Campulung,ag,urban
13524,Valea Mare Pravat,ag,urban
13622,Municipiul Curtea De Arges,ag,urban
13668,Oras Costesti,ag,urban
13757,Oras Topoloveni,ag,urban
13819,Albestii De Arges,ag,urban
13891,Albestii De Muscel,ag,urban
13935,Albota,ag,urban
13999,Aninoasa,ag,urban
14049,Arefu,ag,urban
14085,Babana,ag,urban
14165,Baiculesti,ag,rural
14272,Balilesti,ag,rural
14352,Beleti-Negresti,ag,rural
14405,Berevoesti,ag,rural
14450,Barla,ag,rural
14584,Bogati,ag,rural
14673,Boteni,ag,rural
14726,Botesti,ag,rural
14753,Bradulet,ag,rural
14851,Budeasa,ag,rural
14922,Bughea De Jos,ag,rural
14940,Buzoesti,ag,rural
15064,Caldararu,ag,rural
15108,Calinesti,ag,rural
15233,Cateasca,ag,rural
15313,Cepari,ag,rural
15402,Cetateni,ag,rural
15448,Cicanesti,ag,rural
15493,Ciofrangeni,ag,rural
15554,Ciomagesti,ag,rural
15652,Cocu,ag,rural
15741,Corbeni,ag,rural
15830,Corbi,ag,rural
15901,Cosesti,ag,rural
15983,Cotmeana,ag,rural
16132,Cuca,ag,rural
16285,Davidesti,ag,rural
16329,Dambovicioara,ag,rural
16365,Darmanesti,ag,rural
16427,Dobresti,ag,rural
16454,Domnesti,ag,rural
16472,Dragoslavele,ag,rural
16506,Draganu,ag,rural
16551,Godeni,ag,rural
16613,Harsesti,ag,rural
16659,Hartiesti,ag,rural
16739,Izvoru,ag,rural
16757,Leordeni,ag,rural
16908,Leresti,ag,rural
16944,Lunca Corbului,ag,rural
17049,Malureni,ag,rural
17101,Merisani,ag,rural
17209,Micesti,ag,rural
17254,Mihaesti,ag,rural
17334,Mioarele,ag,rural
17398,Mirosi,ag,rural
17423,Moraresti,ag,rural
17496,Mosoaia,ag,rural
17575,Mozaceni,ag,rural
17619,Musatesti,ag,rural
17726,Negrasi,ag,rural
17771,Nucsoara,ag,rural
17824,Oarja,ag,rural
17851,Pietrosani,ag,rural
17913,Poienarii De Arges,ag,rural
17968,Poienarii De Muscel,ag,rural
18028,Poiana Lacului,ag,rural
18162,Popesti,ag,rural
18242,Priboieni,ag,rural
18331,Ratesti,ag,rural
18411,Recea,ag,rural
18475,Rociu,ag,rural
18527,Rucar,ag,rural
18554,Salatrucu,ag,rural
18581,Sapata,ag,rural
18670,Schitu Golesti,ag,rural
18741,Slobozia,ag,rural
18778,Stalpeni,ag,rural
18858,Stoenesti,ag,rural
18938,Stolnici,ag,rural
19007,Suseni,ag,rural
19114,Stefan Cel Mare,ag,rural
19141,Suici,ag,rural
19212,Teiu,ag,rural
19249,Tigveni,ag,rural
19338,Titesti,ag,rural
19392,Uda,ag,rural
19560,Ungheni,ag,rural
19631,Valea Danului,ag,rural
19695,Valea Iasului,ag,rural
19793,Vedea,ag,rural
19999,Vladesti,ag,rural
20048,Raca,ag,rural
20055,Vulturesti,ag,rural
20063,Bughea De Sus,ag,rural
20297,Municipiul Bacau,bc,rural
20313,Hemeius,bc,rural
20359,Letea Veche,bc,rural
20411,Magura,bc,rural
20466,Margineni,bc,rural
20563,Municipiul Onesti,bc,rural
20607,Gura Vaii,bc,rural
20670,Stefan Cel Mare,bc,rural
20778,Oras Buhusi,bc,rural
20821,Oras Comanesti,bc,rural
20876,Municipiul Moinesti,bc,rural
20910,Oras Slanic-Moldova,bc,rural
20965,Oras Targu Ocna,bc,rural
21007,Agas,bc,rural
21098,Ardeoani,bc,rural
21123,Asau,bc,rural
21196,Balcani,bc,rural
21249,Beresti-Bistrita,bc,rural
21338,Beresti-Tazlau,bc,rural
21418,Berzunti,bc,rural
21454,Barsanesti,bc,rural
21506,Blagesti,bc,rural
21560,Bogdanesti,bc,rural
21597,Brusturoasa,bc,rural
21668,Buhoci,bc,rural
21720,Casin,bc,rural
21757,Caiuti,bc,rural
21855,Cleja,bc,rural
21891,Colonesti,bc,rural
21971,Corbasca,bc,rural
22059,Cotofanesti,bc,rural
22111,Damienesti,bc,rural
22166,Oras Darmanesti,bc,rural
22237,Dealu Morii,bc,rural
22380,Dofteana,bc,rural
22460,Faraoani,bc,rural
22488,Filipeni,bc,rural
22576,Filipesti,bc,rural
22665,Gaiceana,bc,rural
22718,Ghimes-Faget,bc,rural
22781,Garleni,bc,rural
22834,Glavanesti,bc,rural
22898,Helegiu,bc,rural
22941,Horgesti,bc,rural
23047,Huruiesti,bc,rural
23127,Izvoru Berheciului,bc,rural
23207,Lipova,bc,rural
23289,Livezi,bc,rural
23350,Luizi-Calugara,bc,rural
23387,Magiresti,bc,rural
23449,Manastirea Casin,bc,rural
23494,Motoseni,bc,rural
23644,Negri,bc,rural
23715,Nicolae Balcescu,bc,rural
23797,Oituz,bc,rural
23868,Oncesti,bc,rural
23948,Orbeni,bc,rural
23975,Palanca,bc,rural
24034,Parava,bc,rural
24089,Parincea,bc,rural
24187,Pancesti,bc,rural
24276,Pargaresti,bc,rural
24338,Parjol,bc,rural
24427,Plopana,bc,rural
24524,Podu Turcului,bc,rural
24631,Poduri,bc,rural
24711,Racova,bc,rural
24766,Racaciuni,bc,rural
24837,Rachitoasa,bc,rural
24999,Rosiori,bc,rural
25068,Sascut,bc,rural
25148,Sanduleni,bc,rural
25228,Saucesti,bc,rural
25291,Scorteni,bc,rural
25362,Secuieni,bc,rural
25488,Solont,bc,rural
25521,Stanisesti,bc,rural
25629,Strugari,bc,rural
25692,Tamasi,bc,rural
25745,Tatarasti,bc,rural
25825,Targu Trotus,bc,rural
25861,Traian,bc,rural
25932,Ungureni,bc,rural
26029,Urechesti,bc,rural
26083,Valea Seaca,bc,rural
26118,Vultureni,bc,rural
26289,Zemes,bc,rural
26320,Sarata,bc,rural
26338,Buciumi,bc,rural
26346,Gioseni,bc,rural
26353,Odobesti,bc,rural
26361,Prajesti,bc,rural
26379,Itesti,bc,rural
26564,Municipiul Oradea,bh,rural
26582,Sanmartin,bh,rural
26653,Santandrei,bh,rural
26699,Oras Alesd,bh,rural
26742,Astileu,bh,rural
26804,Municipiul Beius,bh,rural
26840,Oras Stei,bh,rural
26877,Municipiul Marghita,bh,rural
26920,Oras Nucet,bh,rural
26975,Municipiul Salonta,bh,rural
27007,Oras Vascau,bh,rural
27070,Abram,bh,rural
27169,Abramut,bh,rural
27212,Auseu,bh,rural
27285,Avram Iancu,bh,rural
27329,Balc,bh,rural
27383,Batar,bh,rural
27436,Biharia,bh,rural
27506,Boianu Mare,bh,rural
27560,Borod,bh,rural
27631,Bors,bh,rural
27686,Bratca,bh,rural
27757,Brusturi,bh,rural
27846,Budureasa,bh,rural
27908,Buduslau,bh,rural
27935,Bulz,bh,rural
27971,Buntesti,bh,rural
28077,Cabesti,bh,rural
28139,Capalna,bh,rural
28193,Carpinet,bh,rural
28246,Cefa,bh,rural
28335,Ceica,bh,rural
28415,Cetariu,bh,rural
28497,Cherechiu,bh,rural
28530,Chislaz,bh,rural
28610,Ciuhoi,bh,rural
28665,Ciumeghiu,bh,rural
28709,Campani,bh,rural
28763,Cociuba Mare,bh,rural
28816,Copacel,bh,rural
28889,Cristioru De Jos,bh,rural
28941,Curatele,bh,rural
29001,Curtuiseni,bh,rural
29038,Derna,bh,rural
29092,Diosig,bh,rural
29154,Dobresti,bh,rural
29243,Draganesti,bh,rural
29341,Dragesti,bh,rural
29403,Finis,bh,rural
29467,Girisu De Cris,bh,rural
29519,Hidiselu De Sus,bh,rural
29573,Holod,bh,rural
29662,Husasau De Tinca,bh,rural
29724,Ineu,bh,rural
29760,Lazuri De Beius,bh,rural
29813,Lazareni,bh,rural
29902,Lugasu De Jos,bh,rural
29948,Lunca,bh,rural
30014,Madaras,bh,rural
30069,Magesti,bh,rural
30149,Nojorid,bh,rural
30229,Olcea,bh,rural
30274,Osorhei,bh,rural
30336,Pietroasa,bh,rural
30416,Pocola,bh,rural
30470,Pomezeu,bh,rural
30568,Popesti,bh,rural
30648,Rabagani,bh,rural
30719,Remetea,bh,rural
30773,Rieni,bh,rural
30844,Rosia,bh,rural
30871,Sacadat,bh,rural
30915,Oras Sacueni,bh,rural
30988,Salacea,bh,rural
31011,Salard,bh,rural
31057,Sambata,bh,rural
31128,Sarbi,bh,rural
31208,Spinus,bh,rural
31262,Suplacu De Barcau,bh,rural
31333,Simian,bh,rural
31379,Sinteu,bh,rural
31422,Soimi,bh,rural
31510,Suncuius,bh,rural
31565,Tarcea,bh,rural
31609,Tarcaia,bh,rural
31654,Tauteu,bh,rural
31716,Tileagd,bh,rural
31789,Tinca,bh,rural
31841,Tulca,bh,rural
31878,Tetchea,bh,rural
31921,Uileacu De Beius,bh,rural
31976,Vadu Crisului,bh,rural
32027,Oras Valea Lui Mihai,bh,rural
32045,Viisoara,bh,rural
32090,Varciorog,bh,rural
32153,Tamaseu,bh,rural
32161,Paleu,bh,rural
32179,Sannicolau Roman,bh,rural
32187,Rosiori,bh,rural
32195,Gepiu,bh,rural
32201,Toboliu,bh,rural
32394,Municipiul Bistrita,bn,rural
32483,Oras Beclean,bn,rural
32544,Oras Nasaud,bn,rural
32599,Oras Sangeorz-Bai,bn,rural
32633,Bistrita Bargaului,bn,rural
32660,Branistea,bn,rural
32704,Budacu De Jos,bn,rural
32768,Budesti,bn,rural
32811,Caianu Mic,bn,rural
32884,Cetate,bn,rural
32955,Ciceu-Giurgesti,bn,rural
33015,Chiochis,bn,rural
33122,Chiuza,bn,rural
33177,Cosbuc,bn,rural
33202,Dumitra,bn,rural
33248,Feldru,bn,rural
33275,Galatii Bistritei,bn,rural
33337,Ilva Mare,bn,rural
33364,Ilva Mica,bn,rural
33382,Josenii Bargaului,bn,rural
33435,Lechinta,bn,rural
33514,Lesu,bn,rural
33541,Livezile,bn,rural
33603,Lunca Ilvei,bn,rural
33621,Maieru,bn,rural
33658,Matei,bn,rural
33729,Magura Ilvei,bn,rural
33765,Mariselu,bn,rural
33845,Micestii De Campie,bn,rural
33881,Milas,bn,rural
33952,Monor,bn,rural
33989,Nimigea,bn,rural
34075,Nuseni,bn,rural
34155,Parva,bn,rural
34173,Petru Rares,bn,rural
34235,Prundu Bargaului,bn,rural
34262,Rebra,bn,rural
34280,Rebrisoara,bn,rural
34333,Rodna,bn,rural
34360,Romuli,bn,rural
34397,Salva,bn,rural
34422,Silivasu De Campie,bn,rural
34477,Sanmihaiu De Campie,bn,rural
34547,Spermezeu,bn,rural
34618,Sant,bn,rural
34645,Sieu,bn,rural
34690,Sieu-Magherus,bn,rural
34770,Sieu-Odorhei,bn,rural
34850,Sieut,bn,rural
34903,Sintereag,bn,rural
34985,Teaca,bn,rural
35054,Telciu,bn,rural
35090,Tiha Bargaului,bn,rural
35152,Tarlisua,bn,rural
35269,Uriu,bn,rural
35312,Urmenis,bn,rural
35429,Zagra,bn,rural
35731,Municipiul Botosani,bt,rural
35759,Curtesti,bt,rural
35839,Rachiti,bt,rural
35884,Stauceni,bt,rural
35946,Oras Darabani,bt,rural
36006,Municipiul Dorohoi,bt,rural
36060,Oras Saveni,bt,rural
36131,Albesti,bt,rural
36202,Avrameni,bt,rural
36300,Baluseni,bt,rural
36373,Braesti,bt,rural
36426,Broscauti,bt,rural
36453,Oras Bucecea,bt,rural
36499,Calarasi,bt,rural
36532,Concesti,bt,rural
36569,Copalau,bt,rural
36649,Cordareni,bt,rural
36676,Corlateni,bt,rural
36756,Corni,bt,rural
36809,Cotusca,bt,rural
36907,Cristesti,bt,rural
36952,Cristinesti,bt,rural
37011,Dersca,bt,rural
37057,Dangeni,bt,rural
37100,Dobarceni,bt,rural
37173,Draguseni,bt,rural
37217,Durnesti,bt,rural
37280,Oras Flamanzi,bt,rural
37324,Frumusica,bt,rural
37397,George Enescu,bt,rural
37459,Gorbanesti,bt,rural
37547,Havarna,bt,rural
37618,Hanesti,bt,rural
37672,Hiliseu-Horia,bt,rural
37734,Hlipiceni,bt,rural
37770,Hudesti,bt,rural
37823,Ibanesti,bt,rural
37850,Leorda,bt,rural
37912,Lunca,bt,rural
37958,Manoleasa,bt,rural
38063,Mihai Eminescu,bt,rural
38161,Mihaileni,bt,rural
38241,Mihalaseni,bt,rural
38321,Mileanca,bt,rural
38376,Mitoc,bt,rural
38456,Nicseni,bt,rural
38492,Paltinis,bt,rural
38544,Pomarla,bt,rural
38580,Prajeni,bt,rural
38633,Radauti-Prut,bt,rural
38679,Rauseni,bt,rural
38731,Ripiceni,bt,rural
38811,Roma,bt,rural
38848,Romanesti,bt,rural
38893,Santa Mare,bt,rural
38982,Suharau,bt,rural
39051,Sulita,bt,rural
39122,Sendriceni,bt,rural
39168,Oras Stefanesti,bt,rural
39220,Stiubieni,bt,rural
39266,Todireni,bt,rural
39328,Trusesti,bt,rural
39391,Tudora,bt,rural
39417,Ungureni,bt,rural
39532,Unteni,bt,rural
39612,Vaculesti,bt,rural
39658,Viisoara,bt,rural
39694,Varfu Campului,bt,rural
39738,Vladeni,bt,rural
39792,Vlasinesti,bt,rural
39836,Vorniceni,bt,rural
39872,Vorona,bt,rural
39942,Lozna,bt,rural
39959,Dimacheni,bt,rural
39967,Candesti,bt,rural
39975,Cosula,bt,rural
39983,Blandesti,bt,rural
40035,Adaseni,bt,rural
40198,Municipiul Brasov,bv,rural
40214,Oras Ghimbav,bv,rural
40241,Municipiul Codlea,bv,rural
40278,Municipiul Fagaras,bv,rural
40303,Oras Predeal,bv,rural
40367,Oras Rasnov,bv,rural
40394,Oras Rupea,bv,rural
40438,Municipiul Sacele,bv,rural
40465,Oras Victoria,bv,rural
40492,Oras Zarnesti,bv,rural
40526,Apata,bv,rural
40544,Beclean,bv,rural
40606,Bod,bv,rural
40633,Bran,bv,rural
40688,Budila,bv,rural
40704,Bunesti,bv,rural
40768,Cata,bv,rural
40820,Cincu,bv,rural
40857,Comana,bv,rural
40900,Cristian,bv,rural
40928,Dumbravita,bv,rural
40955,Feldioara,bv,rural
40991,Fundata,bv,rural
41033,Halchiu,bv,rural
41088,Harman,bv,rural
41113,Harseni,bv,rural
41177,Hoghiz,bv,rural
41248,Homorod,bv,rural
41284,Jibert,bv,rural
41346,Lisa,bv,rural
41382,Maierus,bv,rural
41417,Mandra,bv,rural
41471,Moieciu,bv,rural
41541,Ormenis,bv,rural
41578,Parau,bv,rural
41621,Poiana Marului,bv,rural
41667,Prejmer,bv,rural
41701,Racos,bv,rural
41738,Recea,bv,rural
41818,Sercaia,bv,rural
41854,Sinca,bv,rural
41925,Sanpetru,bv,rural
41943,Soars,bv,rural
42003,Tarlungeni,bv,rural
42058,Teliu,bv,rural
42076,Ticusu,bv,rural
42101,Ucea,bv,rural
42156,Ungra,bv,rural
42183,Vama Buzaului,bv,rural
42236,Vistea,bv,rural
42307,Voila,bv,rural
42398,Vulcan,bv,rural
42449,Sinca Noua,bv,rural
42456,Crizbav,bv,rural
42464,Sambata De Sus,bv,rural
42472,Holbav,bv,rural
42480,Dragus,bv,rural
42498,Augustin,bv,rural
42682,Municipiul Braila,br,rural
42708,Chiscani,br,rural
42753,Oras Faurei,br,rural
42771,Surdila-Greci,br,rural
42824,Baraganul,br,rural
42842,Bertestii De Jos,br,rural
42913,Bordei Verde,br,rural
42968,Ciocile,br,rural
43019,Ciresu,br,rural
43073,Dudesti,br,rural
43117,Frecatei,br,rural
43180,Galbenu,br,rural
43242,Gemenele,br,rural
43279,Gradistea,br,rural
43313,Gropeni,br,rural
43331,Oras Ianca,br,rural
43411,Oras Insuratei,br,rural
43466,Jirlau,br,rural
43493,Marasu,br,rural
43563,Maxineni,br,rural
43625,Mircea Voda,br,rural
43652,Movila Miresii,br,rural
43698,Racovita,br,rural
43732,Ramnicelu,br,rural
43787,Romanu,br,rural
43812,Rosiori,br,rural
43867,Salcia Tudor,br,rural
43929,Scortaru Nou,br,rural
43992,Silistea,br,rural
44060,Stancuta,br,rural
44113,Surdila-Gaiseanca,br,rural
44140,Sutesti,br,rural
44177,Tichilesti,br,rural
44202,Traian,br,rural
44257,Tudor Vladimirescu,br,rural
44300,Tufesti,br,rural
44328,Ulmu,br,rural
44355,Unirea,br,rural
44391,Vadeni,br,rural
44435,Victoria,br,rural
44462,Visani,br,rural
44505,Viziru,br,rural
44532,Zavoaia,br,rural
44560,Cazasu,br,rural
44818,Municipiul Buzau,bz,rural
44845,Municipiul Ramnicu Sarat,bz,rural
44863,Amaru,bz,rural
44934,Balta Alba,bz,rural
44989,Balaceanu,bz,rural
45003,Beceni,bz,rural
45101,Berca,bz,rural
45245,Bisoca,bz,rural
45334,Blajani,bz,rural
45361,Boldu,bz,rural
45389,Bozioru,bz,rural
45496,Bradeanu,bz,rural
45539,Braesti,bz,rural
45619,Breaza,bz,rural
45673,Buda,bz,rural
45753,Calvini,bz,rural
45815,C.a. Rosetti,bz,rural
45888,Canesti,bz,rural
45959,Catina,bz,rural
46019,Cernatesti,bz,rural
46108,Chiliile,bz,rural
46180,Chiojdu,bz,rural
46251,Cilibia,bz,rural
46313,Cislau,bz,rural
46377,Cochirleanca,bz,rural
46439,Colti,bz,rural
46484,Costesti,bz,rural
46554,Cozieni,bz,rural
46769,Galbinasi,bz,rural
46803,Gheraseni,bz,rural
46830,Ghergheasa,bz,urban
46867,Glodeanu Sarat,bz,urban
46910,Glodeanu-Silistea,bz,urban
47006,Grebanu,bz,urban
47079,Gura Teghii,bz,urban
47159,Largu,bz,urban
47186,Lopatari,bz,urban
47300,Luciu,bz,urban
47337,Magura,bz,urban
47373,Maracineni,bz,urban
47417,Margaritesti,bz,urban
47453,Merei,bz,urban
47578,Mihailesti,bz,urban
47630,Manzalesti,bz,urban
47774,Movila Banului,bz,urban
47818,Murgesti,bz,urban
47854,Naeni,bz,urban
47916,Oras Nehoiu,bz,urban
48021,Odaile,bz,urban
48138,Padina,bz,urban
48165,Pardosi,bz,urban
48227,Panatau,bz,urban
48325,Oras Patarlagele,bz,urban
48487,Pietroasele,bz,urban
48557,Parscov,bz,urban
48682,Podgoria,bz,urban
48744,Oras Pogoanele,bz,urban
48771,Posta Calnau,bz,urban
48842,Puiesti,bz,urban
48922,Racoviteni,bz,urban
48968,Ramnicelu,bz,urban
49019,Robeasca,bz,urban
49046,Rusetu,bz,urban
49073,Sageata,bz,urban
49153,Sahateni,bz,urban
49206,Sapoca,bz,urban
49233,Sarulesti,bz,urban
49313,Scortoasa,bz,urban
49439,Scutelnici,bz,urban
49484,Siriu,bz,urban
49545,Smeeni,bz,urban
49625,Stalpu,bz,urban
49643,Tisau,bz,urban
49769,Topliceni,bz,urban
49849,Tintesti,bz,urban
49894,Ulmeni,bz,urban
49956,Vadu Pasii,bz,urban
50022,Valea Ramnicului,bz,urban
50068,Valea Salciei,bz,urban
50102,Vernesti,bz,urban
50228,Vintila Voda,bz,urban
50326,Viperesti,bz,urban
50399,Valcelele,bz,urban
50415,Zarnesti,bz,urban
50479,Ziduri,bz,urban
50549,Unguriu,bz,urban
50564,Florica,bz,urban
50790,Municipiul Resita,cs,urban
50889,Oras Anina,cs,urban
50923,Oras Baile Herculane,cs,urban
50969,Oras Bocsa,cs,urban
50987,Ocna De Fier,cs,urban
51010,Municipiul Caransebes,cs,urban
51056,Oras Moldova Noua,cs,urban
51118,Oras Oravita,cs,urban
51207,Oras Otelu Rosu,cs,urban
51243,Armenis,cs,urban
51305,Bania,cs,urban
51332,Bautar,cs,urban
51387,Berliste,cs,urban
51449,Berzasca,cs,urban
51500,Berzovia,cs,urban
51546,Bolvasnita,cs,urban
51573,Bozovici,cs,urban
51626,Brebu,cs,urban
51662,Brebu Nou,cs,urban
51699,Buchin,cs,urban
51751,Bucosnita,cs,urban
51804,Carasova,cs,urban
51840,Carbunari,cs,urban
51877,Constantin Daicoviciu,cs,urban
51948,Ciclova Romana,cs,urban
51984,Ciuchici,cs,urban
52035,Ciudanovita,cs,urban
52062,Copacele,cs,urban
52115,Cornea,cs,urban
52160,Cornereva,cs,urban
52570,Dalboset,cs,urban
52650,Doclin,cs,urban
52696,Dognecea,cs,urban
52721,Domasnea,cs,urban
52758,Ezeris,cs,urban
52785,Farliug,cs,urban
52856,Forotic,cs,urban
52909,Garnic,cs,urban
52936,Glimboca,cs,urban
52954,Goruia,cs,urban
52990,Gradinari,cs,urban
53023,Iablanita,cs,urban
53069,Lapusnicel,cs,urban
53103,Lapusnicu Mare,cs,urban
53130,Luncavita,cs,urban
53167,Lupac,cs,urban
53210,Marga,cs,urban
53247,Maureni,cs,urban
53274,Mehadia,cs,urban
53327,Mehadica,cs,urban
53345,Naidas,cs,urban
53372,Obreja,cs,urban
53425,Paltinis,cs,urban
53489,Coronini,cs,urban
53513,Pojejena,cs,urban
53577,Prigor,cs,urban
53639,Ramna,cs,urban
53675,Racasdia,cs,urban
53700,Eftimie Murgu,cs,urban
53728,Rusca Montana,cs,urban
53755,Sacu,cs,urban
53791,Sasca Montana,cs,urban
53853,Sichevita,cs,urban
54056,Slatina-Timis,cs,urban
54109,Socol,cs,urban
54163,Sopotu Nou,cs,urban
54270,Teregova,cs,urban
54305,Ticvaniu Mare,cs,urban
54350,Tarnova,cs,urban
54387,Toplet,cs,urban
54412,Turnu Ruieni,cs,urban
54485,Valiug,cs,urban
54500,Varadia,cs,urban
54537,Vermes,cs,urban
54573,Vrani,cs,urban
54617,Zavoi,cs,urban
54699,Zorlentu Mare,cs,urban
54975,Municipiul Cluj-Napoca,cj,urban
55008,Municipiul Dej,cj,urban
55062,Cuzdrioara,cj,urban
55106,Jichisu De Jos,cj,urban
55160,Mica,cj,urban
55259,Municipiul Turda,cj,urban
55277,Mihai Viteazu,cj,urban
55311,Sandulesti,cj,urban
55357,Municipiul Campia Turzii,cj,urban
55384,Municipiul Gherla,cj,urban
55446,Oras Huedin,cj,urban
55473,Aghiresu,cj,urban
55598,Aiton,cj,urban
55623,Alunis,cj,urban
55687,Apahida,cj,urban
55776,Aschileu,cj,urban
55838,Baciu,cj,urban
55918,Baisoara,cj,urban
56014,Belis,cj,urban
56096,Bobalna,cj,urban
56210,Bontida,cj,urban
56265,Borsa,cj,urban
56327,Buza,cj,urban
56354,Caianu,cj,urban
56425,Calarasi,cj,urban
56461,Calatele,cj,urban
56522,Camarasu,cj,urban
56568,Capusu Mare,cj,urban
56666,Caseiu,cj,urban
56773,Catina,cj,urban
56844,Ceanu Mare,cj,urban
56988,Chinteni,cj,urban
57083,Chiuiesti,cj,urban
57163,Ciucea,cj,urban
57225,Ciurila,cj,urban
57314,Catcau,cj,urban
57350,Cojocna,cj,urban
57449,Cornesti,cj,urban
57546,Dabaca,cj,urban
57582,Feleacu,cj,urban
57644,Fizesu Gherlii,cj,urban
57706,Floresti,cj,urban
57742,Frata,cj,urban
57831,Geaca,cj,urban
57902,Gilau,cj,urban
57948,Garbau,cj,urban
58008,Iara,cj,urban
58142,Iclod,cj,urban
58204,Izvoru Crisului,cj,urban
58259,Jucu,cj,urban
58311,Luna,cj,urban
58357,Maguri-Racatau,cj,urban
58393,Manastireni,cj,urban
58464,Margau,cj,urban
58534,Marisel,cj,urban
58552,Mintiu Gherlii,cj,urban
58623,Mociu,cj,urban
58721,Moldovenesti,cj,urban
58794,Palatca,cj,urban
58856,Panticeu,cj,urban
58918,Petrestii De Jos,cj,urban
58990,Ploscos,cj,urban
59041,Poieni,cj,urban
59130,Recea-Cristur,cj,urban
59238,Risca,cj,urban
59283,Sacuieu,cj,urban
59327,Savadisla,cj,urban
59416,Sic,cj,urban
59434,Sancraiu,cj,urban
59498,Sanmartin,cj,urban
59586,Sanpaul,cj,urban
59657,Suatu,cj,urban
59693,Tritenii De Jos,cj,urban
59764,Tureni,cj,urban
59826,Taga,cj,urban
59880,Unguras,cj,urban
59942,Vad,cj,urban
60026,Valea Ierii,cj,urban
60062,Viisoara,cj,urban
60099,Vultureni,cj,urban
60169,Negreni,cj,urban
60419,Municipiul Constanta,ct,urban
60455,Oras Eforie,ct,urban
60482,Municipiul Mangalia,ct,urban
60507,Oras Navodari,ct,urban
60534,Oras Techirghiol,ct,urban
60570,Agigea,ct,urban
60598,23-Aug,ct,urban
60632,Limanu,ct,urban
60687,Oras Ovidiu,ct,urban
60721,Tuzla,ct,urban
60776,Oras Cernavoda,ct,urban
60801,Oras Harsova,ct,urban
60847,Municipiul Medgidia,ct,urban
60883,Adamclisi,ct,urban
60945,Albesti,ct,urban
61005,Aliman,ct,urban
61069,Oras Baneasa,ct,urban
61121,Castelu,ct,urban
61167,Cerchezu,ct,urban
61210,Chirnogeni,ct,urban
61256,Ciobanu,ct,urban
61283,Ciocarlia,ct,urban
61318,Cobadin,ct,urban
61372,Cogealac,ct,urban
61452,Comana,ct,urban
61513,Corbu,ct,urban
61559,Crucea,ct,urban
61620,Cumpana,ct,urban
61675,Deleni,ct,urban
61737,Dobromir,ct,urban
61808,Garliciu,ct,urban
61826,Ghindaresti,ct,urban
61871,Independenta,ct,urban
61951,Ion Corvin,ct,urban
62020,Istria,ct,urban
62057,Lipnita,ct,urban
62137,Mereni,ct,urban
62191,Mihail Kogalniceanu,ct,urban
62253,Mihai Viteazu,ct,urban
62280,Mircea Voda,ct,urban
62360,Oras Murfatlar,ct,urban
62397,Oras Negru Voda,ct,urban
62440,Nicolae Balcescu,ct,urban
62486,Oltina,ct,urban
62538,Ostrov,ct,urban
62609,Pantelimon,ct,urban
62672,Pecineaga,ct,urban
62707,Pestera,ct,urban
62761,Poarta Alba,ct,urban
62798,Rasova,ct,urban
62823,Saraiu,ct,urban
62878,Sacele,ct,urban
62903,Seimeni,ct,urban
62949,Silistea,ct,urban
62985,Targusor,ct,urban
63045,Topalu,ct,urban
63072,Topraisar,ct,urban
63125,Valu Lui Traian,ct,urban
63152,Lumina,ct,urban
63161,Dumbraveni,ct,urban
63170,Vulturu,ct,urban
63189,Tortoman,ct,urban
63198,Amzacea,ct,urban
63278,Horia,ct,urban
63286,Costinesti,ct,urban
63294,Baraganu,ct,urban
63300,Cuza Voda,ct,urban
63318,Saligny,ct,urban
63326,Gradina,ct,urban
63334,Fantanele,ct,urban
63394,Municipiul Sfantu Gheorghe,cv,urban
63447,Oras Baraolt,cv,urban
63526,Oras Covasna,cv,urban
63553,Comandau,cv,urban
63580,Oras Intorsura Buzaului,cv,urban
63633,Barcani,cv,urban
63688,Sita Buzaului,cv,urban
63740,Municipiul Targu Secuiesc,cv,urban
63777,Aita Mare,cv,urban
63802,Batani,cv,urban
63866,Belin,cv,urban
63893,Bodoc,cv,urban
63937,Borosneu Mare,cv,urban
64005,Brates,cv,urban
64041,Bradut,cv,urban
64096,Bretcu,cv,urban
64130,Catalina,cv,urban
64194,Cernat,cv,urban
64238,Chichis,cv,urban
64265,Dobarlau,cv,urban
64318,Ghelinta,cv,urban
64345,Ghidfalau,cv,urban
64390,Haghig,cv,urban
64425,Ilieni,cv,urban
64461,Lemnia,cv,urban
64504,Malnas,cv,urban
64568,Moacsa,cv,urban
64602,Ojdula,cv,urban
64639,Ozun,cv,urban
64719,Poian,cv,urban
64773,Reci,cv,urban
64826,Sanzieni,cv,urban
64871,Turia,cv,urban
64906,Valea Crisului,cv,urban
64942,Valcele,cv,urban
64997,Varghis,cv,urban
65011,Zagon,cv,urban
65048,Zabala,cv,urban
65099,Valea Mare,cv,urban
65105,Mereni,cv,urban
65113,Arcus,cv,urban
65121,Bixad,cv,urban
65139,Micfalau,cv,urban
65147,Dalnic,cv,urban
65154,Estelnic,cv,urban
65342,Municipiul Targoviste,db,urban
65379,Aninoasa,db,urban
65413,Doicesti,db,urban
65431,Razvad,db,urban
65477,Sotanga,db,urban
65501,Ulmi,db,urban
65609,Oras Fieni,db,urban
65645,Motaieni,db,urban
65681,Oras Gaesti,db,urban
65707,Gura Foii,db,urban
65752,Petresti,db,urban
65841,Municipiul Moreni,db,urban
65869,Iedera,db,urban
65921,Oras Pucioasa,db,urban
66009,Branesti,db,urban
66081,Oras Titu,db,urban
66152,Branistea,db,urban
66198,Baleni,db,urban
66223,Barbuletu,db,urban
66330,Bezdead,db,urban
66401,Bilciuresti,db,urban
66438,Buciumeni,db,urban
66474,Bucsani,db,urban
66526,Candesti,db,urban
66580,Cobia,db,urban
66697,Cojasca,db,urban
66731,Comisani,db,urban
66768,Contesti,db,urban
66857,Corbii Mari,db,urban
66955,Cornatelu,db,urban
67014,Cornesti,db,urban
67121,Costestii Din Vale,db,urban
67167,Crangurile,db,urban
67256,Darmanesti,db,urban
67292,Dobra,db,urban
67327,Dragodana,db,urban
67407,Dragomiresti,db,urban
67470,Finta,db,urban
67522,Glodeni,db,urban
67595,Gura Ocnitei,db,urban
67648,Gura Sutii,db,urban
67675,Hulubesti,db,urban
67737,I. L. Caragiale,db,urban
67773,Lucieni,db,urban
67835,Ludesti,db,urban
67906,Lunguletu,db,urban
67942,Malu Cu Flori,db,urban
68002,Manesti,db,urban
68048,Matasaru,db,urban
68128,Mogosani,db,urban
68182,Moroeni,db,urban
68253,Morteni,db,urban
68280,Nucet,db,urban
68324,Ocnita,db,urban
68342,Odobesti,db,urban
68404,Pietrosita,db,urban
68431,Poiana,db,urban
68468,Potlogi,db,urban
68529,Produlesti,db,urban
68565,Pucheni,db,urban
68627,Oras Racari,db,urban
68716,Runcu,db,urban
68789,Salcioara,db,urban
68887,Selaru,db,urban
68921,Tatarani,db,urban
68976,Uliesti,db,urban
69063,Valea Lunga,db,urban
69170,Valea Mare,db,urban
69250,Vacaresti,db,urban
69303,Valeni-Dambovita,db,urban
69330,Visina,db,urban
69394,Visinesti,db,urban
69447,Varfuri,db,urban
69526,Voinesti,db,urban
69615,Vulcana-Bai,db,urban
69900,Municipiul Craiova,dj,urban
69964,Bucovat,dj,urban
70094,Isalnita,dj,urban
70110,Podari,dj,urban
70174,Simnicu De Sus,dj,urban
70316,Municipiul Bailesti,dj,urban
70352,Municipiul Calafat,dj,urban
70414,Oras Filiasi,dj,urban
70502,Oras Segarcea,dj,urban
70520,Afumati,dj,urban
70566,Almaj,dj,urban
70637,Amarastii De Jos,dj,urban
70673,Amarastii De Sus,dj,urban
70726,Apele Vii,dj,urban
70744,Argetoaia,dj,urban
70879,Oras Bechet,dj,urban
70897,Bistret,dj,urban
70940,Barca,dj,urban
70968,Botosesti-Paia,dj,urban
70986,Brabova,dj,urban
71055,Bradesti,dj,urban
71126,Bralostita,dj,urban
71199,Bratovoesti,dj,urban
71260,Breasta,dj,urban
71340,Bulzesti,dj,urban
71457,Calopar,dj,urban
71518,Caraula,dj,urban
71536,Carpen,dj,urban
71572,Castranova,dj,urban
71607,Calarasi,dj,urban
71634,Celaru,dj,urban
71698,Cerat,dj,urban
71723,Cernatesti,dj,urban
71787,Cetate,dj,urban
71812,Cioroiasi,dj,urban
71858,Ciupercenii Noi,dj,urban
71885,Cosoveni,dj,urban
71910,Cotofenii Din Dos,dj,urban
71956,Daneti,dj,urban
72007,Oras Dabuleni,dj,urban
72034,Desa,dj,urban
72052,Diosti,dj,urban
72098,Dobresti,dj,urban
72150,Dragotesti,dj,urban
72221,Dranic,dj,urban
72276,Farcas,dj,urban
72383,Galicea Mare,dj,urban
72409,Ghercesti,dj,urban
72463,Gighera,dj,urban
72506,Giubega,dj,urban
72533,Giurgita,dj,urban
72579,Gangiova,dj,urban
72604,Gogosu,dj,urban
72640,Goicea,dj,urban
72677,Goiesti,dj,urban
72819,Grecesti,dj,urban
72882,Izvoare,dj,urban
72926,Leu,dj,urban
72953,Lipovu,dj,urban
72980,Macesu De Jos,dj,urban
73013,Macesu De Sus,dj,urban
73031,Maglavit,dj,urban
73068,Malu Mare,dj,urban
73102,Melinesti,dj,urban
73246,Mischii,dj,urban
73317,Marsani,dj,urban
73335,Motatei,dj,urban
73371,Murgasi,dj,urban
73460,Negoi,dj,urban
73503,Orodel,dj,urban
73567,Ostroveni,dj,urban
73594,Perisor,dj,urban
73629,Pielesti,dj,urban
73665,Piscu Vechi,dj,urban
73709,Plenita,dj,urban
73736,Poiana Mare,dj,urban
73772,Predesti,dj,urban
73852,Radovan,dj,urban
73905,Rast,dj,urban
73923,Robanesti,dj,urban
73996,Sadova,dj,urban
74028,Salcuta,dj,urban
74073,Scaesti,dj,urban
74108,Seaca De Camp,dj,urban
74135,Seaca De Padure,dj,urban
74171,Secu,dj,urban
74224,Silistea Crucii,dj,urban
74242,Sopot,dj,urban
74322,Teasc,dj,urban
74359,Terpezita,dj,urban
74411,Teslui,dj,urban
74509,Tuglui,dj,urban
74536,Unirea,dj,urban
74554,Urzicuta,dj,urban
74581,Valea Stanciului,dj,urban
74616,Vela,dj,urban
74705,Verbita,dj,urban
74732,Vartop,dj,urban
74750,Varvoru De Jos,dj,urban
74842,Catane,dj,urban
74859,Carcea,dj,urban
74867,Carna,dj,urban
74875,Cotofenii Din Fata,dj,urban
74883,Dobrotesti,dj,urban
74891,Galiciuica,dj,urban
74907,Ghidici,dj,urban
74915,Ghindeni,dj,urban
74923,Intorsura,dj,urban
74931,Plesoi,dj,urban
74949,Rojiste,dj,urban
74956,Talpas,dj,urban
75098,Municipiul Galati,gl,urban
75114,Sendreni,gl,urban
75150,Vanatori,gl,urban
75203,Municipiul Tecuci,gl,urban
75221,Draganesti,gl,urban
75258,Munteni,gl,urban
75338,Oras Beresti,gl,urban
75356,Beresti-Meria,gl,urban
75472,Oras Targu Bujor,gl,urban
75515,Barcea,gl,urban
75542,Balabanesti,gl,urban
75613,Balasesti,gl,urban
75668,Baleni,gl,urban
75686,Baneasa,gl,urban
75711,Branistea,gl,urban
75766,Brahasesti,gl,urban
75819,Buciumeni,gl,urban
75864,Cavadinesti,gl,urban
75917,Certesti,gl,urban
75953,Corod,gl,urban
76004,Corni,gl,urban
76040,Cosmesti,gl,urban
76111,Costache Negri,gl,urban
76139,Cuca,gl,urban
76157,Cudalbi,gl,urban
76175,Draguseni,gl,urban
76255,Fartanesti,gl,urban
76282,Foltesti,gl,urban
76317,Frumusita,gl,urban
76353,Fundeni,gl,urban
76406,Ghidigeni,gl,urban
76497,Gohor,gl,urban
76558,Grivita,gl,urban
76585,Independenta,gl,urban
76601,Ivesti,gl,urban
76638,Jorasti,gl,urban
76674,Liesti,gl,urban
76692,Matca,gl,urban
76718,Mastacani,gl,urban
76745,Movileni,gl,urban
76763,Namoloasa,gl,urban
76807,Nicoresti,gl,urban
76932,Oancea,gl,urban
76969,Pechea,gl,urban
76996,Piscu,gl,urban
77028,Priponesti,gl,urban
77082,Rediu,gl,urban
77126,Scanteiesti,gl,urban
77153,Schela,gl,urban
77180,Slobozia Conachi,gl,urban
77224,Smardan,gl,urban
77260,Smulti,gl,urban
77288,Suceveni,gl,urban
77313,Tudor Vladimirescu,gl,urban
77331,Tulucesti,gl,urban
77377,Tepu,gl,urban
77402,Umbraresti,gl,urban
77475,Valea Marului,gl,urban
77509,Varlezi,gl,urban
77536,Vladesti,gl,urban
77561,Radesti,gl,urban
77579,Negrilesti,gl,urban
77587,Poiana,gl,urban
77595,Cuza Voda,gl,urban
77601,Suhurlui,gl,urban
77812,Municipiul Targu Jiu,gj,urban
77910,Balesti,gj,urban
78016,Dragutesti,gj,urban
78089,Turcinesti,gj,urban
78141,Municipiul Motru,gj,urban
78258,Oras Novaci,gj,urban
78329,Oras Targu Carbunesti,gj,urban
78454,Oras Ticleni,gj,urban
78472,Albeni,gj,urban
78542,Alimpesti,gj,urban
78604,Aninoasa,gj,urban
78668,Arcani,gj,urban
78711,Baia De Fier,gj,urban
78748,Balanesti,gj,urban
78828,Barbatesti,gj,urban
78873,Bengesti-Ciocadia,gj,urban
78926,Berlesti,gj,urban
79004,Balteni,gj,urban
79077,Bolbosi,gj,urban
79157,Borascu,gj,urban
79237,Branesti,gj,urban
79308,Oras Bumbesti-Jiu,gj,urban
79362,Bumbesti-Pitic,gj,urban
79406,Bustuchin,gj,urban
79497,Capreni,gj,urban
79585,Catunele,gj,urban
79656,Ciuperceni,gj,urban
79736,Calnic,gj,urban
79834,Crasna,gj,urban
79932,Cruset,gj,urban
80043,Danciulesti,gj,urban
80123,Danesti,gj,urban
80249,Dragotesti,gj,urban
80285,Farcasesti,gj,urban
80365,Glogova,gj,urban
80427,Godinesti,gj,urban
80506,Hurezani,gj,urban
80560,Ionesti,gj,urban
80613,Jupanesti,gj,urban
80677,Lelesti,gj,urban
80711,Licurici,gj,urban
80766,Logresti,gj,urban
80846,Matasari,gj,urban
80908,Musetesti,gj,urban
80980,Negomir,gj,urban
81095,Pades,gj,urban
81184,Pestisani,gj,urban
81264,Plopsoru,gj,urban
81380,Polovragi,gj,urban
81415,Prigoria,gj,urban
81497,Rosia De Amaradia,gj,urban
81576,Runcu,gj,urban
81656,Samarinesti,gj,urban
81754,Sacelu,gj,urban
81816,Saulesti,gj,urban
81861,Scoarta,gj,urban
81987,Schela,gj,urban
82047,Slivilesti,gj,urban
82136,Stanesti,gj,urban
82243,Stejari,gj,urban
82314,Stoina,gj,urban
82396,Telesti,gj,urban
82430,Oras Tismana,gj,urban
82555,Turburea,gj,urban
82617,Oras Turceni,gj,urban
82680,Tantareni,gj,urban
82733,Urdari,gj,urban
82779,Vagiulesti,gj,urban
82831,Vladimir,gj,urban
82895,Oras Rovinari,gj,urban
83133,Municipiul Odorheiu Secuiesc,hr,urban
83151,Bradesti,hr,urban
83197,Feliceni,hr,urban
83320,Municipiul Miercurea Ciuc,hr,urban
83375,Pauleni-Ciuc,hr,urban
83428,Oras Baile Tusnad,hr,urban
83464,Oras Balan,hr,urban
83491,Oras Borsec,hr,urban
83525,Oras Cristuru Secuiesc,hr,urban
83561,Municipiul Gheorgheni,hr,urban
83632,Municipiul Toplita,hr,urban
83749,Oras Vlahita,hr,urban
83785,Atid,hr,urban
83847,Avramesti,hr,urban
83936,Bilbor,hr,urban
83963,Capalnita,hr,urban
83981,Ciucsangeorgiu,hr,urban
84086,Ciumani,hr,urban
84102,Carta,hr,urban
84148,Corbu,hr,urban
84175,Corund,hr,urban
84237,Danesti,hr,urban
84264,Dealu,hr,urban
84344,Ditrau,hr,urban
84380,Darjiu,hr,urban
84415,Frumoasa,hr,urban
84460,Galautas,hr,urban
84558,Joseni,hr,urban
84594,Lazarea,hr,urban
84629,Lueta,hr,urban
84656,Lunca De Jos,hr,urban
84754,Lunca De Sus,hr,urban
84825,Lupeni,hr,urban
84923,Martinis,hr,urban
85056,Meresti,hr,urban
85074,Mihaileni,hr,urban
85127,Mugeni,hr,urban
85243,Ocland,hr,urban
85289,Plaiesii De Jos,hr,urban
85341,Praid,hr,urban
85412,Remetea,hr,urban
85467,Sacel,hr,urban
85528,Sarmas,hr,urban
85582,Secuieni,hr,urban
85626,Siculeni,hr,urban
85680,Sancraieni,hr,urban
85760,Sandominic,hr,urban
85788,Sanmartin,hr,urban
85840,Sansimion,hr,urban
85877,Subcetate,hr,urban
85920,Suseni,hr,urban
85984,Simonesti,hr,urban
86133,Tulghes,hr,urban
86188,Tusnad,hr,urban
86222,Ulies,hr,urban
86311,Varsag,hr,urban
86339,Voslabeni,hr,urban
86366,Zetea,hr,urban
86438,Madaras,hr,urban
86446,Cozmeni,hr,urban
86453,Tomesti,hr,urban
86461,Ciceu,hr,urban
86479,Leliceni,hr,urban
86487,Porumbeni,hr,urban
86495,Racu,hr,urban
86501,Satu Mare,hr,urban
86519,Santimbru,hr,urban
86687,Municipiul Deva,hd,urban
86749,Carjiti,hd,urban
86810,Municipiul Hunedoara,hd,urban
86883,Ghelari,hd,urban
86936,Teliucu Inferior,hd,urban
86990,Municipiul Petrosani,hd,urban
87059,Municipiul Lupeni,hd,urban
87077,Oras Petrila,hd,urban
87139,Oras Uricani,hd,urban
87175,Municipiul Vulcan,hd,urban
87219,Oras Aninoasa,hd,urban
87246,Banita,hd,urban
87291,Municipiul Brad,hd,urban
87362,Criscior,hd,urban
87424,Oras Calan,hd,urban
87576,Oras Hateg,hd,urban
87638,Municipiul Orastie,hd,urban
87665,Oras Simeria,hd,urban
87745,Baia De Cris,hd,urban
87843,Balsa,hd,urban
87996,Baru,hd,urban
88047,Bacia,hd,urban
88092,Baita,hd,urban
88216,Batrana,hd,urban
88261,Beriu,hd,urban
88350,Blajeni,hd,urban
88449,Bosorod,hd,urban
88546,Branisca,hd,urban
88644,Bretea Romana,hd,urban
88788,Buces,hd,urban
88868,Bucuresci,hd,urban
88920,Bulzestii De Sus,hd,urban
89026,Bunila,hd,urban
89080,Burjuc,hd,urban
89151,Cerbal,hd,urban
89240,Certeju De Sus,hd,urban
89348,Densus,hd,urban
89428,Dobra,hd,urban
89561,Oras Geoagiu,hd,urban
89687,Gurasada,hd,urban
89801,Harau,hd,urban
89856,Ilia,hd,urban
89954,Lapugiu De Jos,hd,urban
90066,Lelese,hd,urban
90119,Lunca Cernii De Jos,hd,urban
90208,Luncoiu De Jos,hd,urban
90262,Martinesti,hd,urban
90342,Orastioara De Sus,hd,urban
90431,Pestisu Mic,hd,urban
90538,Pui,hd,urban
90663,Rapoltu Mare,hd,urban
90725,Rachitova,hd,urban
90805,Ribita,hd,urban
90878,Rau De Mori,hd,urban
90994,Romos,hd,urban
91054,Sarmizegetusa,hd,urban
91116,Salasu De Sus,hd,urban
91232,Santamaria-Orlea,hd,urban
91330,Soimus,hd,urban
91447,Tomesti,hd,urban
91535,Toplita,hd,urban
91624,Totesti,hd,urban
91688,Turdas,hd,urban
91731,General Berthelot,hd,urban
91795,Vata De Jos,hd,urban
91937,Valisoara,hd,urban
91982,Vetel,hd,urban
92097,Vorta,hd,urban
92177,Zam,hd,urban
92569,Municipiul Calarasi,cl,urban
92587,Modelu,cl,urban
92658,Municipiul Slobozia,il,urban
92701,Municipiul Fetesti,il,urban
92765,Oras Tandarei,il,urban
92783,Albesti,il,urban
92836,Oras Amara,il,urban
92872,Andrasesti,il,urban
92907,Balaciu,il,urban
92961,Borcea,cl,urban
92989,Bordusani,il,urban
93021,Bucu,il,urban
93067,Oras Cazanesti,il,urban
93085,Ciocanesti,cl,urban
93101,Ciochina,il,urban
93156,Ciulnita,il,urban
93209,Cocora,il,urban
93236,Cosambesti,il,urban
93281,Cuza Voda,cl,urban
93325,Dichiseni,cl,urban
93370,Dor Marunt,cl,urban
93441,Dorobantu,cl,urban
93487,Dragalina,cl,urban
93539,Dragos Voda,cl,urban
93575,Facaeni,il,urban
93600,Gheorghe Doja,il,urban
93628,Gheorghe Lazar,il,urban
93646,Giurgeni,il,urban
93664,Gradistea,cl,urban
93717,Grindu,il,urban
93735,Grivita,il,urban
93771,Independenta,cl,urban
93815,Jegalia,cl,urban
93851,Lehliu,cl,urban
93888,Oras Lehliu Gara,cl,urban
93931,Lupsanu,cl,urban
93995,Mihail Kogalniceanu,il,urban
94045,Milosesti,il,urban
94081,Movila,il,urban
94107,Munteni-Buzau,il,urban
94125,Alexandru Odobescu,cl,urban
94161,Perieti,il,urban
94223,Perisoru,cl,urban
94269,Reviga,il,urban
94312,Roseti,cl,urban
94330,Salcioara,il,urban
94376,Saveni,il,urban
94429,Scanteia,il,urban
94456,Sfantu Gheorghe,il,urban
94492,Stelnica,il,urban
94535,Suditi,il,urban
94562,Stefan Cel Mare,cl,urban
94580,Stefan Voda,cl,urban
94606,Ulmu,cl,urban
94651,Unirea,cl,urban
94688,Valea Ciorii,il,urban
94731,Valcelele,cl,urban
94768,Vlad Tepes,cl,urban
94795,Vladeni,il,urban
95060,Municipiul Iasi,is,urban
95088,Barnova,is,urban
95159,Holboca,is,urban
95239,Rediu,is,urban
95293,Tomesti,is,urban
95355,Oras Harlau,is,urban
95391,Municipiul Pascani,is,urban
95471,Oras Targu Frumos,is,urban
95499,Ion Neculce,is,urban
95612,Alexandru I. Cuza,is,urban
95667,Andrieseni,is,urban
95747,Aroneanu,is,urban
95792,Baltati,is,urban
95872,Belcesti,is,urban
95943,Bivolari,is,urban
96003,Ungheni,is,urban
96058,Braesti,is,urban
96110,Butea,is,urban
96147,Ceplenita,is,urban
96192,Ciortesti,is,urban
96254,Ciurea,is,urban
96334,Coarnele Caprei,is,urban
96370,Comarna,is,urban
96423,Costuleni,is,urban
96478,Cotnari,is,urban
96593,Cozmesti,is,urban
96637,Cristesti,is,urban
96664,Cucuteni,is,urban
96717,Dagata,is,urban
96815,Deleni,is,urban
96888,Dobrovat,is,urban
96904,Dolhesti,is,urban
96940,Dumesti,is,urban
97009,Erbiceni,is,urban
97063,Focuri,is,urban
97090,Golaiesti,is,urban
97189,Gorban,is,urban
97241,Grajduri,is,urban
97321,Gropnita,is,urban
97394,Grozesti,is,urban
97438,Halaucesti,is,urban
97465,Helesteni,is,urban
97517,Horlesti,is,urban
97553,Ipatele,is,urban
97606,Lespezi,is,urban
97679,Letcani,is,urban
97722,Lungani,is,urban
97777,Madarjac,is,urban
97811,Mircesti,is,urban
97875,Mironeasa,is,urban
97919,Miroslava,is,urban
98051,Miroslovesti,is,urban
98113,Mogosesti,is,urban
98168,Mogosesti-Siret,is,urban
98202,Mosna,is,urban
98220,Motca,is,urban
98257,Movileni,is,urban
98300,Oteleni,is,urban
98337,Plugari,is,urban
98373,Oras Podu Iloaiei,is,urban
98435,Popesti,is,urban
98505,Popricani,is,urban
98603,Prisacani,is,urban
98649,Probota,is,urban
98685,Raducaneni,is,urban
98738,Romanesti,is,urban
98774,Ruginoasa,is,urban
98827,Schitu Duca,is,urban
98916,Scanteia,is,urban
98998,Scobinti,is,urban
99058,Sinesti,is,urban
99101,Siretel,is,urban
99165,Stolniceni-Prajescu,is,urban
99209,Strunga,is,urban
99290,Scheia,is,urban
99370,Sipote,is,urban
99441,Tansa,is,urban
99478,Tatarusi,is,urban
99539,Todiresti,is,urban
99600,Trifesti,is,urban
99673,Tibana,is,urban
99780,Tibanesti,is,urban
99879,Tiganasi,is,urban
99922,Tutora,is,urban
99968,Valea Seaca,is,urban
100004,Victoria,is,urban
100086,Vanatori,is,urban
100148,Vladeni,is,urban
100219,Voinesti,is,urban
100273,Bals,is,urban
100282,Costesti,is,urban
100308,Draguseni,is,urban
100317,Fantanele,is,urban
100326,Harmanesti,is,urban
100335,Rachiteni,is,urban
100344,Roscani,is,urban
100353,Valea Lupului,is,urban
100362,Ciohorani,is,urban
100521,Municipiul Giurgiu,gr,urban
100549,Slobozia,gr,urban
100576,Oras Buftea,if,urban
100610,Municipiul Oltenita,cl,urban
100638,Mitreni,cl,urban
100683,Municipiul Urziceni,il,urban
100709,Ciocarlia,il,urban
100736,Manasia,il,urban
100754,Adancata,il,urban
100781,Adunatii-Copaceni,gr,urban
100834,Afumati,if,urban
100852,Alexeni,il,urban
100870,Armasesti,il,urban
100923,Axintele,il,urban
100969,Balotesti,if,urban
101001,Baneasa,gr,urban
101056,Barcanesti,il,urban
101083,Belciugatele,cl,urban
101145,Berceni,if,urban
101163,Bolintin-Deal,gr,urban
101190,Oras Bolintin-Vale,gr,urban
101243,Brazii,il,urban
101298,Branesti,if,urban
101341,Brezoaele,db,urban
101378,Bucsani,gr,urban
101458,Oras Budesti,cl,urban
101519,Bulbucata,gr,urban
101564,Butimanu,db,urban
101617,Buturugeni,gr,urban
101662,Calugareni,gr,urban
101724,Cascioarele,cl,urban
101742,Cernica,if,urban
101804,Chirnogi,cl,rural
101822,Chiselet,cl,rural
101840,Ciocanesti,db,rural
101902,Ciolpani,if,rural
101957,Ciorogarla,if,rural
101984,Clejani,gr,rural
102035,Clinceni,if,rural
102071,Colibasi,gr,rural
102106,Comana,gr,rural
102160,Corbeanca,if,rural
102213,Cornetu,if,rural
102240,Cosereni,il,rural
102286,Crevedia,db,rural
102348,Crevedia Mare,gr,rural
102419,Curcani,cl,rural
102446,Daia,gr,rural
102473,Dascalu,if,rural
102525,Darasti-Ilfov,if,rural
102543,1 Decembrie,if,rural
102570,Domnesti,if,rural
102605,Dragomiresti-Vale,if,rural
102641,Dragoesti,il,rural
102703,Dridu,il,rural
102749,Oras Fierbinti-Targ,il,rural
102794,Floresti-Stoenesti,gr,rural
102838,Frasinet,cl,rural
102909,Fratesti,gr,rural
102945,Frumusani,cl,rural
103014,Fundeni,cl,rural
103032,Oras Fundulea,cl,rural
103087,Gaiseni,gr,rural
103130,Ganeasa,if,rural
103194,Gaujani,gr,rural
103238,Ghimpati,gr,rural
103283,Garbovi,il,rural
103309,Gogosari,gr,rural
103354,Gostinu,gr,rural
103372,Gostinari,gr,rural
103407,Gradinari,gr,rural
103443,Gradistea,if,rural
103470,Greaca,gr,rural
103513,Gruiu,if,rural
103568,Gurbanesti,cl,rural
103639,Hotarele,gr,rural
103693,Iepuresti,gr,rural
103764,Ileana,cl,rural
103862,Ion Roata,il,rural
103899,Izvoarele,gr,rural
103960,Jilavele,il,rural
103997,Joita,gr,rural
104047,Letca Noua,gr,rural
104083,Luica,cl,rural
104118,Mihai Bravu,gr,rural
104136,Oras Mihailesti,gr,rural
104181,Manastirea,cl,rural
104225,Marsa,gr,rural
104243,Moara Vlasiei,if,rural
104270,Movilita,il,rural
104323,Nana,cl,rural
104341,Nicolae Balcescu,cl,rural
104387,Niculesti,db,rural
104421,Nuci,if,rural
104485,Ogrezeni,gr,rural
104519,Oinacu,gr,rural
104546,Peris,if,rural
104582,Petrachioaia,if,rural
104635,Plataresti,cl,rural
104680,Prundu,gr,rural
104715,Putineiu,gr,rural
104751,Radovanu,cl,rural
104788,Rasuceni,gr,rural
104831,Roata De Jos,gr,rural
104886,Sarulesti,cl,rural
104975,Schitu,gr,rural
105026,Sinesti,il,rural
105106,Singureni,gr,rural
105142,Slobozia Moara,db,rural
105160,Snagov,if,rural
105222,Sohatu,cl,rural
105259,Spantov,cl,rural
105295,Stanesti,gr,rural
105348,Stoenesti,gr,rural
105384,Soldanu,cl,rural
105419,Stefanestii De Jos,if,rural
105455,Tamadau Mare,cl,rural
105534,Tartasesti,db,rural
105570,Tunari,if,rural
105605,Ulmeni,cl,rural
105623,Ulmi,gr,rural
105712,Valea Argovei,cl,rural
105776,Valea Dragului,gr,rural
105794,Valea Macrisului,il,rural
105829,Vasilati,cl,rural
105874,Varasti,gr,rural
105909,Vedea,gr,rural
105936,Vidra,if,rural
105972,Vanatorii Mici,gr,rural
106318,Municipiul Baia Mare,mm,rural
106363,Grosi,mm,rural
106407,Recea,mm,rural
106461,Oras Tautii-Magheraus,mm,rural
106559,Municipiul Sighetu Marmatiei,mm,rural
106620,Sarasau,mm,rural
106648,Vadu Izei,mm,rural
106684,Oras Baia Sprie,mm,rural
106746,Oras Borsa,mm,rural
106782,Oras Cavnic,mm,rural
106817,Oras Targu Lapus,mm,rural
106979,Oras Viseu De Sus,mm,rural
107001,Ardusat,mm,rural
107047,Arinis,mm,rural
107083,Asuaju De Sus,mm,rural
107118,Baita De Sub Codru,mm,rural
107154,Baiut,mm,rural
107190,Basesti,mm,rural
107234,Bicaz,mm,rural
107270,Bistra,mm,rural
107314,Barsana,mm,rural
107350,Bocicoiu Mare,mm,rural
107403,Bogdan Voda,mm,rural
107430,Boiu Mare,mm,rural
107485,Botiza,mm,rural
107519,Budesti,mm,rural
107546,Calinesti,mm,rural
107582,Cernesti,mm,rural
107662,Cicarlau,mm,rural
107715,Campulung La Tisa,mm,rural
107733,Copalnic-Manastur,mm,rural
107868,Coroieni,mm,rural
107920,Cupseni,mm,rural
107975,Desesti,mm,rural
108017,Oras Dragomiresti,mm,rural
108035,Dumbravita,mm,rural
108106,Farcasa,mm,rural
108151,Giulesti,mm,rural
108204,Ieud,mm,rural
108222,Lapus,mm,rural
108240,Leordina,mm,rural
108268,Miresu Mare,mm,rural
108348,Moisei,mm,rural
108366,Oarta De Jos,mm,rural
108400,Ocna Sugatag,mm,rural
108455,Petrova,mm,rural
108473,Poienile De Sub Munte,mm,rural
108491,Remetea Chioarului,mm,rural
108552,Remeti,mm,rural
108598,Repedea,mm,rural
108614,Rona De Jos,mm,rural
108632,Rona De Sus,mm,rural
108669,Rozavlea,mm,rural
108696,Ruscova,mm,rural
108712,Satulung,mm,rural
108794,Sacalaseni,mm,rural
108874,Sacel,mm,rural
108892,Oras Salistea De Sus,mm,rural
108918,Salsig,mm,rural
108945,Sapanta,mm,rural
108963,Oras Seini,mm,rural
109005,Stramtura,mm,rural
109041,Suciu De Sus,mm,rural
109096,Sisesti,mm,rural
109176,Oras Somcuta Mare,mm,rural
109265,Oras Ulmeni,mm,rural
109354,Valea Chioarului,mm,rural
109425,Vima Mica,mm,rural
109504,Viseu De Jos,mm,rural
109773,Municipiul Drobeta-Turnu Severin,mh,rural
109826,Simian,mh,rural
109924,Oras Baia De Arama,mh,rural
110027,Obarsia-Closani,mh,rural
110063,Municipiul Orsova,mh,rural
110116,Oras Strehaia,mh,rural
110232,Oras Vanju Mare,mh,rural
110296,Bala,mh,rural
110456,Balta,mh,rural
110535,Balacita,mh,rural
110571,Bacles,mh,rural
110688,Balvanesti,mh,rural
110740,Breznita-Motru,mh,rural
110820,Breznita-Ocol,mh,rural
110875,Brosteni,mh,rural
110946,Burila Mare,mh,rural
111006,Butoiesti,mh,rural
111097,Cazanesti,mh,rural
111220,Ciresu,mh,rural
111275,Corcova,mh,rural
111417,Corlatel,mh,rural
111444,Cujmir,mh,rural
111480,Devesel,mh,rural
111550,Darvari,mh,rural
111587,Dumbrava,mh,rural
111685,Floresti,mh,rural
111783,Garla Mare,mh,rural
111818,Godeanu,mh,rural
111863,Gogosu,mh,rural
111916,Greci,mh,rural
111989,Grozesti,mh,rural
112030,Gruia,mh,rural
112076,Hinova,mh,rural
112129,Husnicioara,mh,rural
112245,Eselnita,mh,rural
112263,Ilovat,mh,rural
112334,Ilovita,mh,rural
112370,Isverna,mh,rural
112469,Izvoru Barzii,mh,rural
112548,Jiana,mh,rural
112600,Livezile,mh,rural
112664,Malovat,mh,rural
112744,Obarsia De Camp,mh,rural
112771,Oprisor,mh,rural
112806,Padina,mh,rural
112879,Patulele,mh,rural
112904,Dubova,mh,rural
112959,Podeni,mh,rural
112995,Ponoarele,mh,rural
113153,Poroina Mare,mh,rural
113206,Pristol,mh,rural
113233,Prunisor,mh,rural
113395,Punghina,mh,rural
113466,Rogova,mh,rural
113493,Salcia,mh,rural
113518,Stangaceaua,mh,rural
113607,Svinita,mh,rural
113625,Sisesti,mh,rural
113698,Sovarna,mh,rural
113732,Tamna,mh,rural
113849,Vanatori,mh,rural
113894,Vanjulet,mh,rural
113929,Vladaia,mh,rural
113974,Voloiac,mh,rural
114060,Branistea,mh,rural
114079,Vrata,mh,rural
114319,Municipiul Targu Mures,ms,rural
114355,Cristesti,ms,rural
114382,Sancraiu De Mures,ms,rural
114417,Sangeorgiu De Mures,ms,rural
114453,Santana De Mures,ms,rural
114514,Municipiul Sighisoara,ms,rural
114603,Albesti,ms,rural
114710,Oras Ludus,ms,rural
114809,Municipiul Reghin,ms,rural
114854,Oras Sovata,ms,rural
114925,Municipiul Tarnaveni,ms,rural
114970,Acatari,ms,rural
115076,Adamus,ms,rural
115147,Alunis,ms,rural
115183,Apold,ms,rural
115236,Atintis,ms,rural
115307,Bahnea,ms,rural
115389,Band,ms,rural
115520,Batos,ms,rural
115575,Bagaciu,ms,rural
115600,Bala,ms,rural
115637,Balauseri,ms,rural
115708,Beica De Jos,ms,rural
115771,Bichis,ms,rural
115824,Bogata,ms,rural
115851,Breaza,ms,rural
115897,Brancovenesti,ms,rural
115959,Ceuasu De Campie,ms,rural
116046,Chetani,ms,rural
116126,Chiheru De Jos,ms,rural
116171,Coroisanmartin,ms,rural
116224,Cozma,ms,rural
116288,Craciunesti,ms,rural
116340,Craiesti,ms,rural
116395,Cucerdea,ms,rural
116439,Cuci,ms,rural
116493,Danes,ms,rural
116545,Deda,ms,rural
116590,Eremitu,ms,rural
116652,Ernei,ms,rural
116723,Faragau,ms,rural
116796,Fantanele,ms,rural
116867,Galesti,ms,rural
116938,Ganesti,ms,rural
116983,Gheorghe Doja,ms,rural
117042,Ghindari,ms,rural
117113,Glodeni,ms,rural
117177,Gornesti,ms,rural
117275,Grebenisu De Campie,ms,rural
117319,Gurghiu,ms,rural
117426,Hodac,ms,rural
117505,Hodosa,ms,rural
117550,Ibanesti,ms,rural
117667,Iclanzel,ms,rural
117783,Ideciu De Jos,ms,rural
117827,Oras Iernut,ms,rural
117925,Livezeni,ms,rural
117998,Lunca,ms,rural
118058,Lunca Bradului,ms,rural
118094,Magherani,ms,rural
118209,Mica,ms,rural
118281,Oras Miercurea Nirajului,ms,rural
118370,Mihesu De Campie,ms,rural
118469,Nades,ms,rural
118511,Neaua,ms,rural
118575,Ogra,ms,rural
118637,Papiu Ilarian,ms,rural
118691,Panet,ms,rural
118753,Pasareni,ms,rural
118799,Petelea,ms,rural
118824,Pogaceaua,ms,rural
118931,Rastolita,ms,rural
118995,Raciu,ms,rural
119153,Rusii-Munti,ms,rural
119206,Saschiz,ms,rural
119242,Oras Sarmasu,ms,rural
119331,Oras Sangeorgiu De Padure,ms,rural
119386,Sanger,ms,rural
119466,Sanpaul,ms,rural
119527,Sanpetru De Campie,ms,rural
119590,Solovastru,ms,rural
119625,Stanceni,ms,rural
119661,Suplac,ms,rural
119723,Suseni,ms,rural
119750,Saulia,ms,rural
119803,Sincai,ms,rural
119858,Taureni,ms,rural
119894,Oras Ungheni,ms,rural
119974,Valea Larga,ms,rural
120076,Vargata,ms,rural
120138,Vatava,ms,rural
120174,Vetca,ms,rural
120218,Viisoara,ms,rural
120254,Vanatori,ms,rural
120316,Voivodeni,ms,rural
120343,Zagar,ms,rural
120370,Zau De Campie,ms,rural
120478,Chibed,ms,rural
120487,Corunca,ms,rural
120496,Sarateni,ms,rural
120502,Madaras,ms,rural
120511,Bereni,ms,rural
120726,Municipiul Piatra-Neamt,nt,rural
120771,Dumbrava Rosie,nt,rural
120824,Savinesti,nt,rural
120860,Municipiul Roman,nt,rural
120888,Cordun,nt,rural
120922,Horia,nt,rural
120968,Oras Bicaz,nt,rural
121055,Oras Targu Neamt,nt,rural
121108,Agapia,nt,rural
121153,Bahna,nt,rural
121242,Baltatesti,nt,rural
121297,Bicaz-Chei,nt,rural
121340,Bicazu Ardelean,nt,rural
121386,Bira,nt,rural
121466,Bargauani,nt,rural
121607,Bodesti,nt,rural
121652,Borca,nt,rural
121732,Borlesti,nt,rural
121796,Botesti,nt,rural
121876,Bozieni,nt,rural
121938,Brusturi,nt,rural
122025,Ceahlau,nt,rural
122061,Candesti,nt,rural
122132,Costisa,nt,rural
122187,Cracaoani,nt,rural
122249,Damuc,nt,rural
122285,Dobreni,nt,rural
122347,Doljesti,nt,rural
122392,Dragomiresti,nt,rural
122463,Dulcesti,nt,rural
122551,Farcasa,nt,rural
122613,Faurei,nt,rural
122668,Gheraesti,nt,rural
122702,Girov,nt,rural
122828,Garcina,nt,rural
122864,Grinties,nt,rural
122908,Grumazesti,nt,rural
122953,Hangu,nt,rural
123013,Icusesti,nt,rural
123102,Ion Creanga,nt,rural
123175,Margineni,nt,rural
123228,Moldoveni,nt,rural
123255,Oniceni,nt,rural
123371,Pastraveni,nt,rural
123424,Petricani,nt,rural
123479,Piatra Soimului,nt,rural
123521,Pipirig,nt,rural
123601,Pangarati,nt,rural
123674,Podoleni,nt,rural
123709,Poienari,nt,rural
123790,Poiana Teiului,nt,rural
123914,Raucesti,nt,rural
123969,Razboieni,nt,rural
124028,Rediu,nt,rural
124073,Romani,nt,rural
124117,Oras Roznov,nt,rural
124153,Sagna,nt,rural
124206,Sabaoani,nt,rural
124233,Secuieni,nt,rural
124331,Stanita,nt,rural
124411,Stefan Cel Mare,nt,rural
124493,Tarcau,nt,rural
124563,Tasca,nt,rural
124616,Tazlau,nt,rural
124634,Tamaseni,nt,rural
124661,Timisesti,nt,rural
124723,Trifesti,nt,rural
124750,Tupilati,nt,rural
124803,Tibucani,nt,rural
124849,Urecheni,nt,rural
124885,Valea Ursului,nt,rural
124938,Alexandru Cel Bun,nt,rural
125016,Vanatori-Neamt,nt,rural
125061,Zanesti,nt,rural
125098,Dochia,nt,rural
125105,Ruginoasa,nt,rural
125114,Ghindaoani,nt,rural
125123,Valeni,nt,rural
125132,Draganesti,nt,rural
125141,Pancesti,nt,rural
125150,Gadinti,nt,rural
125169,Negresti,nt,rural
125178,Boghicea,nt,rural
125347,Municipiul Slatina,ot,rural
125374,Slatioara,ot,rural
125418,Oras Bals,ot,rural
125472,Municipiul Caracal,ot,rural
125490,Draghiceni,ot,rural
125542,Oras Corabia,ot,rural
125588,Garcov,ot,rural
125622,Oras Draganesti-Olt,ot,rural
125659,Babiciu,ot,rural
125677,Baldovinesti,ot,rural
125757,Barasti,ot,rural
125846,Barza,ot,rural
125873,Bobicesti,ot,rural
125962,Brastavatu,ot,rural
125999,Brebeni,ot,rural
126022,Brancoveni,ot,rural
126077,Bucinisu,ot,rural
126102,Cezieni,ot,rural
126148,Cilieni,ot,rural
126166,Carlogani,ot,urban
126228,Colonesti,ot,urban
126326,Corbu,ot,urban
126380,Coteana,ot,urban
126406,Crampoia,ot,urban
126433,Curtisoara,ot,urban
126503,Cungrea,ot,urban
126585,Daneasa,ot,urban
126647,Deveselu,ot,urban
126674,Dobretu,ot,urban
126718,Dobrosloveni,ot,urban
126772,Dobroteasa,ot,urban
126825,Dobrun,ot,urban
126905,Fagetelu,ot,urban
126978,Falcoiu,ot,urban
127019,Farcasele,ot,urban
127064,Ganeasa,ot,urban
127126,Giuvarasti,ot,urban
127144,Gostavatu,ot,urban
127171,Gradinari,ot,urban
127224,Grojdibodu,ot,urban
127251,Ianca,ot,urban
127288,Iancu Jianu,ot,urban
127322,Icoana,ot,urban
127368,Izbiceni,ot,urban
127386,Izvoarele,ot,urban
127411,Leleasca,ot,urban
127493,Maruntei,ot,urban
127536,Mihaesti,ot,urban
127563,Milcov,ot,urban
127625,Morunglav,ot,urban
127689,Movileni,ot,urban
127714,Nicolae Titulescu,ot,urban
127750,Obarsia,ot,urban
127812,Oboga,ot,urban
127858,Oporelu,ot,urban
127901,Optasi-Magura,ot,urban
127938,Orlea,ot,urban
127983,Osica De Sus,ot,urban
128052,Perieti,ot,urban
128105,Oras Piatra-Olt,ot,urban
128178,Parscoveni,ot,urban
128221,Plesoiu,ot,urban
128301,Poboru,ot,urban
128374,Oras Potcoava,ot,urban
128436,Priseaca,ot,urban
128472,Radomiresti,ot,urban
128524,Redea,ot,urban
128560,Rotunda,ot,urban
128588,Rusanesti,ot,urban
128613,Scarisoara,ot,urban
128659,Schitu,ot,urban
128711,Oras Scornicesti,ot,urban
128864,Seaca,ot,urban
128882,Samburesti,ot,urban
128962,Spineni,ot,urban
129040,Sprancenata,ot,urban
129095,Stoenesti,ot,urban
129111,Stoicanesti,ot,urban
129139,Strejesti,ot,urban
129184,Studina,ot,urban
129246,Serbanesti,ot,urban
129282,Stefan Cel Mare,ot,urban
129317,Tatulesti,ot,urban
129380,Teslui,ot,urban
129460,Tia Mare,ot,urban
129503,Topana,ot,urban
129567,Traian,ot,urban
129585,Tufeni,ot,urban
129629,Urzica,ot,urban
129656,Valea Mare,ot,urban
129718,Vadastra,ot,urban
129745,Vadastrita,ot,urban
129763,Valeni,ot,urban
129816,Verguleasa,ot,urban
129898,Visina,ot,urban
129914,Vitomiresti,ot,urban
129987,Valcele,ot,urban
130026,Vladila,ot,urban
130062,Voineasa,ot,urban
130124,Vulpeni,ot,urban
130231,Vulturesti,ot,urban
130286,Balteni,ot,urban
130295,Calui,ot,urban
130302,Gavanesti,ot,urban
130311,Ghimpeteni,ot,urban
130320,Gradinile,ot,urban
130339,Gura Padinii,ot,urban
130348,Ipotesti,ot,urban
130357,Osica De Jos,ot,urban
130366,Sarbii - Magura,ot,urban
130375,Visina Noua,ot,urban
130384,Soparlita,ot,urban
130534,Municipiul Ploiesti,ph,urban
130552,Barcanesti,ph,urban
130614,Berceni,ph,urban
130678,Blejoi,ph,urban
130712,Brazi,ph,urban
130785,Bucov,ph,urban
130847,Paulesti,ph,urban
130892,Targsoru Vechi,ph,urban
130954,Oras Azuga,ph,urban
130981,Oras Baicoi,ph,urban
131069,Oras Boldesti-Scaeni,ph,urban
131103,Oras Breaza,ph,urban
131210,Oras Busteni,ph,urban
131256,Municipiul Campina,ph,urban
131274,Poiana Campina,ph,urban
131336,Oras Comarnic,ph,urban
131407,Oras Mizil,ph,urban
131443,Oras Plopeni,ph,urban
131461,Dumbravesti,ph,urban
131540,Oras Sinaia,ph,urban
131577,Oras Slanic,ph,urban
131620,Oras Urlati,ph,urban
131817,Oras Valenii De Munte,ph,urban
131835,Gura Vitioarei,ph,urban
131899,Adunati,ph,urban
131933,Albesti-Paleologu,ph,urban
131988,Alunis,ph,urban
132011,Apostolache,ph,urban
132075,Aricestii Rahtivani,ph,urban
132137,Aricestii Zeletin,ph,urban
132164,Baba Ana,ph,urban
132226,Balta Doamnei,ph,urban
132271,Baltesti,ph,urban
132315,Banesti,ph,urban
132342,Bertea,ph,urban
132379,Boldesti-Gradistea,ph,urban
132404,Brebu,ph,urban
132459,Calugareni,ph,urban
132486,Carbunesti,ph,urban
132510,Ceptura,ph,urban
132574,Cerasu,ph,urban
132645,Chiojdeanca,ph,urban
132681,Ciorani,ph,urban
132716,Cocorastii Mislii,ph,urban
132752,Colceag,ph,urban
132805,Cornu,ph,urban
132841,Cosminele,ph,urban
132896,Drajna,ph,urban
133018,Draganesti,ph,urban
133090,Dumbrava,ph,urban
133161,Filipestii De Padure,ph,urban
133214,Filipestii De Targ,ph,urban
133278,Fantanele,ph,urban
133330,Floresti,ph,urban
133394,Fulga,ph,urban
133429,Gherghita,ph,urban
133508,Gorgota,ph,urban
133562,Gornet,ph,urban
133615,Gornet-Cricov,ph,urban
133688,Gura Vadului,ph,urban
133722,Iordacheanu,ph,urban
133795,Izvoarele,ph,urban
133866,Jugureni,ph,urban
133919,Lapos,ph,urban
133964,Lipanesti,ph,urban
134014,Magurele,ph,urban
134050,Magureni,ph,urban
134096,Maneciu,ph,urban
134194,Manesti,ph,urban
134336,Pacureti,ph,urban
134390,Plopu,ph,urban
134443,Podenii Noi,ph,urban
134559,Poienarii Burchii,ph,urban
134648,Posesti,ph,urban
134755,Predeal-Sarari,ph,urban
134853,Provita De Jos,ph,urban
134899,Provita De Sus,ph,urban
134942,Puchenii Mari,ph,urban
135020,Rafov,ph,urban
135128,Salcia,ph,urban
135146,Salciile,ph,urban
135164,Scorteni,ph,urban
135226,Secaria,ph,urban
135244,Sangeru,ph,urban
135315,Starchiojd,ph,urban
135404,Surani,ph,urban
135431,Sirna,ph,urban
135501,Soimari,ph,urban
135547,Sotrile,ph,urban
135618,Stefesti,ph,urban
135654,Talea,ph,urban
135681,Tataru,ph,urban
135725,Teisani,ph,urban
135789,Telega,ph,urban
135850,Tinosu,ph,urban
135896,Tomsani,ph,urban
135949,Valea Calugareasca,ph,urban
136107,Valea Doftanei,ph,urban
136134,Varbilau,ph,urban
136198,Valcanesti,ph,urban
136241,Cocorastii Colt,ph,urban
136250,Olari,ph,urban
136269,Vadu Sapat,ph,urban
136278,Batrani,ph,urban
136483,Municipiul Satu Mare,sm,urban
136526,Municipiul Carei,sm,urban
136553,Capleni,sm,urban
136599,Oras Negresti-Oas,sm,urban
136642,Oras Tasnad,sm,urban
136713,Acas,sm,urban
136768,Andrid,sm,urban
136802,Apa,sm,urban
136848,Oras Ardud,sm,urban
136919,Batarci,sm,urban
136964,Beltiug,sm,urban
137032,Berveni,sm,urban
137069,Bixad,sm,urban
137103,Barsau,sm,urban
137130,Bogdand,sm,urban
137185,Botiz,sm,urban
137229,Calinesti-Oas,sm,urban
137274,Camarzana,sm,urban
137292,Cauas,sm,urban
137363,Cehal,sm,urban
137407,Certeze,sm,urban
137443,Craidorolt,sm,urban
137504,Crucisor,sm,urban
137540,Culciu,sm,urban
137611,Doba,sm,urban
137675,Dorolt,sm,urban
137728,Foieni,sm,urban
137746,Gherta Mica,sm,urban
137764,Halmeu,sm,urban
137844,Hodod,sm,urban
137899,Homoroade,sm,urban
137960,Lazuri,sm,urban
138039,Oras Livada,sm,urban
138084,Mediesu Aurit,sm,urban
138164,Micula,sm,urban
138208,Moftin,sm,urban
138280,Odoreu,sm,urban
138351,Orasu Nou,sm,urban
138431,Paulesti,sm,urban
138501,Petresti,sm,urban
138538,Pir,sm,urban
138574,Piscolt,sm,urban
138618,Pomi,sm,urban
138663,Sanislau,sm,urban
138734,Santau,sm,urban
138770,Sacaseni,sm,urban
138805,Sauca,sm,urban
138869,Socond,sm,urban
138921,Supur,sm,urban
139009,Tarna Mare,sm,urban
139054,Terebesti,sm,urban
139107,Tiream,sm,urban
139143,Tarsolt,sm,urban
139170,Turt,sm,urban
139214,Turulung,sm,urban
139250,Urziceni,sm,urban
139287,Valea Vinului,sm,urban
139330,Vama,sm,urban
139358,Vetis,sm,urban
139394,Viile Satu Mare,sm,urban
139704,Municipiul Zalau,sj,urban
139740,Oras Cehu Silvaniei,sj,urban
139811,Oras Jibou,sj,urban
139884,Oras Simleu Silvaniei,sj,urban
139937,Agrij,sj,urban
139982,Almasu,sj,urban
140084,Babeni,sj,urban
140146,Balan,sj,urban
140208,Banisor,sj,urban
140244,Benesat,sj,urban
140280,Bobota,sj,urban
140324,Bocsa,sj,urban
140379,Buciumi,sj,urban
140440,Camar,sj,urban
140477,Carastelec,sj,urban
140501,Chiesd,sj,urban
140547,Cizer,sj,urban
140583,Coseiu,sj,urban
140627,Crasna,sj,urban
140672,Creaca,sj,urban
140770,Cristolt,sj,urban
140823,Criseni,sj,urban
140869,Cuzaplac,sj,urban
140958,Dobrin,sj,urban
141027,Dragu,sj,urban
141081,Fildu De Jos,sj,urban
141134,Galgau,sj,urban
141232,Garbou,sj,urban
141312,Halmasd,sj,urban
141376,Hereclean,sj,urban
141447,Hida,sj,urban
141535,Horoatu Crasnei,sj,urban
141580,Ileanda,sj,urban
141722,Ip,sj,urban
141786,Letca,sj,urban
141884,Lozna,sj,urban
141946,Marca,sj,urban
142006,Maeriste,sj,urban
142079,Mesesenii De Jos,sj,urban
142122,Mirsid,sj,urban
142177,Napradea,sj,urban
142239,Nusfalau,sj,urban
142284,Pericei,sj,urban
142337,Plopis,sj,urban
142373,Poiana Blenchii,sj,urban
142426,Romanasi,sj,urban
142499,Rus,sj,urban
142550,Salatig,sj,urban
142612,Sag,sj,urban
142676,Sanmihaiu Almasului,sj,urban
142710,Somes-Odorhei,sj,urban
142774,Surduc,sj,urban
142854,Samsud,sj,urban
142881,Sarmasag,sj,urban
142952,Valcau De Jos,sj,urban
143021,Varsolt,sj,urban
143067,Zalha,sj,urban
143147,Zimbor,sj,urban
143450,Municipiul Sibiu,sb,urban
143487,Cristian,sb,urban
143502,Poplaca,sb,urban
143520,Rasinari,sb,urban
143557,Selimbar,sb,urban
143619,Municipiul Medias,sb,urban
143646,Tarnava,sb,urban
143682,Oras Agnita,sb,urban
143735,Oras Cisnadie,sb,urban
143771,Oras Copsa Mica,sb,urban
143806,Oras Dumbraveni,sb,urban
143851,Oras Ocna Sibiului,sb,urban
143888,Altina,sb,urban
143922,Apoldu De Jos,sb,urban
143959,Arpasu De Jos,sb,urban
143995,Atel,sb,urban
144054,Oras Avrig,sb,urban
144116,Axente Sever,sb,urban
144152,Bazna,sb,urban
144198,Biertan,sb,urban
144232,Barghis,sb,urban
144303,Blajel,sb,urban
144349,Brateiu,sb,urban
144376,Bradeni,sb,urban
144410,Bruiu,sb,urban
144456,Chirpar,sb,urban
144508,Carta,sb,urban
144535,Cartisoara,sb,urban
144553,Darlos,sb,urban
144599,Gura Raului,sb,urban
144615,Hoghilag,sb,urban
144651,Iacobeni,sb,urban
144713,Jina,sb,urban
144731,Laslea,sb,urban
144795,Loamnes,sb,urban
144866,Ludos,sb,urban
144893,Marpod,sb,urban
144928,Oras Miercurea Sibiului,sb,urban
144964,Merghindeal,sb,urban
144991,Micasasa,sb,urban
145042,Mihaileni,sb,urban
145104,Mosna,sb,urban
145140,Nocrich,sb,urban
145202,Orlat,sb,urban
145220,Pauca,sb,urban
145275,Poiana Sibiului,sb,urban
145293,Porumbacu De Jos,sb,urban
145355,Racovita,sb,urban
145382,Rau Sadului,sb,urban
145408,Rosia,sb,urban
145471,Sadu,sb,urban
145499,Oras Saliste,sb,urban
145603,Slimnic,sb,urban
145667,Seica Mare,sb,urban
145738,Seica Mica,sb,urban
145765,Sura Mare,sb,urban
145792,Sura Mica,sb,urban
145827,Oras Talmaciu,sb,urban
145907,Tilisca,sb,urban
145934,Turnu Rosu,sb,urban
145961,Valea Viilor,sb,urban
145998,Vurpar,sb,urban
146012,Alma,sb,urban
146021,Boita,sb,urban
146263,Municipiul Suceava,sv,urban
146281,Ipotesti,sv,urban
146325,Mitocu Dragomirnei,sv,urban
146370,Oras Salcea,sv,urban
146432,Scheia,sv,urban
146502,Municipiul Campulung Moldovenesc,sv,urban
146539,Municipiul Falticeni,sv,urban
146584,Oras Gura Humorului,sv,urban
146628,Municipiul Radauti,sv,urban
146655,Oras Siret,sv,urban
146708,Oras Solca,sv,urban
146744,Municipiul Vatra Dornei,sv,urban
146799,Adancata,sv,urban
146860,Arbore,sv,urban
146904,Baia,sv,urban
146931,Oras Milisauti,sv,urban
146995,Balcauti,sv,urban
147036,Bilca,sv,urban
147054,Bogdanesti,sv,urban
147072,Boroaia,sv,urban
147134,Bosanci,sv,urban
147161,Botosana,sv,urban
147205,Breaza,sv,urban
147241,Brodina,sv,urban
147358,Oras Brosteni,sv,urban
147465,Bunesti,sv,urban
147526,Cacica,sv,urban
147580,Calafindesti,sv,urban
147633,Oras Cajvana,sv,urban
147660,Ilisesti,sv,urban
147713,Carlibaba,sv,urban
147786,Cornu Luncii,sv,urban
147884,Crucea,sv,urban
147937,Darmanesti,sv,urban
148006,Oras Dolhasca,sv,urban
148097,Dolhesti,sv,urban
148131,Dorna-Arini,sv,urban
148202,Dorna Candrenilor,sv,urban
148293,Dornesti,sv,urban
148328,Dragoiesti,sv,urban
148382,Draguseni,sv,urban
148426,Dumbraveni,sv,urban
148453,Fantanele,sv,urban
148514,Forasti,sv,urban
148612,Oras Frasin,sv,urban
148667,Fratautii Noi,sv,urban
148694,Fratautii Vechi,sv,urban
148729,Frumosu,sv,urban
148765,Fundu Moldovei,sv,urban
148872,Galanesti,sv,urban
148916,Gramesti,sv,urban
148970,Granicesti,sv,urban
149049,Horodniceni,sv,urban
149101,Horodnic De Jos,sv,urban
149138,Iacobeni,sv,urban
149183,Izvoarele Sucevei,sv,urban
149227,Oras Liteni,sv,urban
149290,Marginea,sv,urban
149316,Malini,sv,urban
149370,Manastirea Humorului,sv,urban
149414,Moara,sv,urban
149502,Moldova-Sulita,sv,urban
149539,Moldovita,sv,urban
149584,Musenita,sv,urban
149655,Ostra,sv,urban
149682,Panaci,sv,urban
149753,Paltinoasa,sv,urban
149780,Partestii De Jos,sv,urban
149833,Patrauti,sv,urban
149851,Poiana Stampei,sv,urban
149931,Pojorata,sv,urban
149968,Preutesti,sv,urban
150043,Putna,sv,urban
150070,Radaseni,sv,urban
150114,Rasca,sv,urban
150178,Sadova,sv,urban
150196,Satu Mare,sv,urban
150221,Siminicea,sv,urban
150258,Slatina,sv,urban
150294,Straja,sv,urban
150310,Stroiesti,sv,urban
150356,Stulpicani,sv,urban
150418,Sucevita,sv,urban
150445,Saru Dornei,sv,urban
150524,Todiresti,sv,urban
150588,Udesti,sv,urban
150702,Ulma,sv,urban
150766,Vadu Moldovei,sv,urban
150891,Valea Moldovei,sv,urban
150935,Vama,sv,urban
150980,Vatra Moldovitei,sv,urban
151022,Veresti,sv,urban
151077,Vicovu De Jos,sv,urban
151095,Oras Vicovu De Sus,sv,urban
151120,Volovat,sv,urban
151157,Vulturesti,sv,urban
151246,Zamostea,sv,urban
151344,Zvoristea,sv,urban
151433,Comanesti,sv,urban
151442,Iaslovat,sv,urban
151451,Ciocanesti,sv,urban
151460,Serbauti,sv,urban
151479,Horodnic De Sus,sv,urban
151488,Fantana Mare,sv,urban
151497,Cosna,sv,urban
151503,Capu Campului,sv,urban
151512,Hantesti,sv,urban
151521,Burla,sv,urban
151530,Balaceana,sv,urban
151549,Hartop,sv,urban
151558,Voitinel,sv,urban
151567,Ciprian Porumbescu,sv,urban
151576,Berchisesti,sv,urban
151585,Poieni-Solca,sv,urban
151683,Municipiul Turnu Magurele,tr,urban
151709,Ciuperceni,tr,urban
151736,Islaz,tr,urban
151763,Lita,tr,urban
151790,Municipiul Alexandria,tr,urban
151816,Nanov,tr,urban
151834,Poroschia,tr,urban
151870,Municipiul Rosiori De Vede,tr,urban
151905,Oras Videle,tr,urban
151932,Crevenicu,tr,urban
151978,Oras Zimnicea,tr,urban
151996,Balaci,tr,urban
152038,Babaita,tr,urban
152083,Blejesti,tr,urban
152127,Bogdana,tr,urban
152172,Botoroaga,tr,urban
152234,Bragadiru,tr,urban
152252,Branceni,tr,urban
152270,Bujoreni,tr,urban
152314,Bujoru,tr,urban
152332,Buzescu,tr,urban
152350,Calinesti,tr,urban
152412,Calmatuiu,tr,urban
152467,Calmatuiu De Sus,tr,urban
152500,Cervenia,tr,urban
152528,Ciolanesti,tr,urban
152564,Contesti,tr,urban
152582,Cosmesti,tr,urban
152617,Crangeni,tr,urban
152662,Crangu,tr,urban
152724,Didesti,tr,urban
152760,Dobrotesti,tr,urban
152797,Dracsenei,tr,urban
152868,Draganesti De Vede,tr,urban
152902,Draganesti-Vlasca,tr,urban
152948,Furculesti,tr,urban
152993,Frumoasa,tr,urban
153026,Galateni,tr,urban
153062,Gratia,tr,urban
153106,Izvoarele,tr,urban
153124,Lisa,tr,urban
153151,Lunca,tr,urban
153204,Mavrodin,tr,urban
153240,Magura,tr,urban
153277,Maldaeni,tr,urban
153295,Mereni,tr,urban
153339,Marzanesti,tr,urban
153384,Mosteni,tr,urban
153400,Nasturelu,tr,urban
153437,Necsesti,tr,urban
153473,Olteni,tr,urban
153507,Orbeasca,tr,urban
153543,Peretu,tr,urban
153561,Piatra,tr,urban
153589,Pietrosani,tr,urban
153605,Plosca,tr,urban
153623,Plopii-Slavitesti,tr,urban
153696,Poeni,tr,urban
153776,Vitanesti,tr,urban
153829,Putineiu,tr,urban
153865,Radoiesti,tr,urban
153909,Rasmiresti,tr,urban
153936,Salcia,tr,urban
153972,Saceni,tr,urban
154013,Scrioastea,tr,urban
154068,Scurtu Mare,tr,urban
154139,Seaca,tr,urban
154166,Sfintesti,tr,urban
154184,Segarcea-Vale,tr,urban
154228,Silistea,tr,urban
154282,Silistea-Gumesti,tr,urban
154308,Sarbeni,tr,urban
154344,Slobozia Mandra,tr,urban
154380,Smardioasa,tr,urban
154415,Stejaru,tr,urban
154460,Suhaia,tr,urban
154497,Storobaneasa,tr,urban
154521,Talpa,tr,urban
154585,Tatarastii De Jos,tr,urban
154665,Tatarastii De Sus,tr,urban
154709,Toporu,gr,urban
154736,Traian,tr,urban
154754,Trivalea-Mosteni,tr,urban
154790,Troianul,tr,urban
154834,Tiganesti,tr,urban
154852,Vedea,tr,urban
154914,Viisoara,tr,urban
154932,Vartoape,tr,urban
154978,Zambreasca,tr,urban
154996,Nenciulesti,tr,urban
155083,Beciu,tr,urban
155092,Beuca,tr,urban
155109,Dracea,tr,urban
155118,Fantanele,tr,urban
155127,Frasinet,tr,urban
155136,Purani,tr,urban
155145,Saelele,tr,urban
155154,Uda-Clocociov,tr,urban
155243,Municipiul Timisoara,tm,urban
155261,Dumbravita,tm,urban
155289,Ghiroda,tm,urban
155314,Giroc,tm,urban
155350,Municipiul Lugoj,tm,urban
155403,Oras Buzias,tm,urban
155458,Oras Deta,tm,urban
155494,Oras Jimbolia,tm,urban
155528,Oras Sannicolau Mare,tm,urban
155546,Balint,tm,urban
155591,Banloc,tm,urban
155662,Bara,tm,urban
155724,Beba Veche,tm,urban
155760,Becicherecu Mic,tm,urban
155797,Belint,tm,urban
155840,Bethausen,tm,urban
155911,Biled,tm,urban
155957,Barna,tm,urban
156035,Bogda,tm,urban
156106,Boldur,tm,urban
156151,Brestovat,tm,urban
156213,Carpinis,tm,urban
156259,Cenad,tm,urban
156277,Cenei,tm,urban
156311,Cheveresu Mare,tm,urban
156357,Oras Ciacova,tm,urban
156437,Comlosu Mare,tm,urban
156473,Costeiu,tm,urban
156534,Criciova,tm,urban
156589,Curtea,tm,urban
156623,Darova,tm,urban
156669,Denta,tm,urban
156712,Dudestii Vechi,tm,urban
156767,Dumbrava,tm,urban
156801,Oras Faget,tm,urban
156927,Fardea,tm,urban
157004,Foeni,tm,urban
157031,Gavojdia,tm,urban
157086,Oras Gataia,tm,urban
157193,Ghizela,tm,urban
157246,Giarmata,tm,urban
157273,Giera,tm,urban
157317,Giulvaz,tm,urban
157362,Jamu Mare,tm,urban
157424,Jebel,tm,urban
157451,Lenauheim,tm,urban
157497,Liebling,tm,urban
157530,Lovrin,tm,urban
157585,Margina,tm,urban
157683,Masloc,tm,urban
157736,Manastiur,tm,urban
157781,Moravita,tm,urban
157834,Mosnita Noua,tm,urban
157898,Nadrag,tm,urban
157923,Nitchidorf,tm,urban
157969,Ohaba Lunga,tm,urban
158010,Ortisoara,tm,urban
158065,Peciu Nou,tm,urban
158109,Periam,tm,urban
158136,Pietroasa,tm,urban
158181,Pischia,tm,urban
158243,Racovita,tm,urban
158314,Oras Recas,tm,urban
158396,Remetea Mare,tm,urban
158449,Sacosu Turcesc,tm,urban
158528,Satchinez,tm,urban
158564,Sacalaz,tm,urban
158608,Secas,tm,urban
158653,Sanandrei,tm,urban
158699,Sanmihaiu Roman,tm,urban
158733,Sanpetru Mare,tm,urban
158779,Sag,tm,urban
158804,Stiuca,tm,urban
158859,Teremia Mare,tm,urban
158895,Tomesti,tm,urban
158966,Topolovatu Mare,tm,urban
159035,Tormac,tm,urban
159071,Traian Vuia,tm,urban
159142,Uivar,tm,urban
159213,Varias,tm,urban
159259,Victor Vlad Delamarina,tm,urban
159339,Voiteg,tm,urban
159366,Birda,tm,urban
159375,Checea,tm,urban
159384,Dudestii Noi,tm,urban
159393,Fibis,tm,urban
159400,Ghilad,tm,urban
159419,Gottlob,tm,urban
159428,Iecea Mare,tm,urban
159437,Parta,tm,urban
159446,Padureni,tm,urban
159455,Saravale,tm,urban
159464,Sandra,tm,urban
159473,Tomnatic,tm,urban
159482,Valcani,tm,urban
159491,Livezile,tm,urban
159507,Pesac,tm,urban
159516,Bucovat,tm,urban
159525,Otelec,tm,urban
159614,Municipiul Tulcea,tl,urban
159650,Oras Babadag,tl,urban
159687,Oras Isaccea,tl,urban
159730,Oras Macin,tl,urban
159767,Oras Sulina,tl,urban
159785,Baia,tl,urban
159847,Beidaud,tl,urban
159883,C.a. Rosetti,tl,urban
159945,Carcaliu,tl,urban
159963,Casimcea,tl,urban
160047,Ceatalchioi,tl,urban
160092,Ceamurlia De Jos,tl,urban
160127,Cerna,tl,urban
160172,Chilia Veche,tl,urban
160225,Ciucurova,tl,urban
160261,Crisan,tl,urban
160305,Daeni,tl,urban
160323,Dorobantu,tl,urban
160387,Frecatei,tl,urban
160430,Greci,tl,urban
160458,Grindu,tl,urban
160476,Hamcearca,tl,urban
160528,Horia,tl,urban
160564,Izvoarele,tl,urban
160617,Jijila,tl,urban
160644,Jurilovca,tl,urban
160680,Luncavita,tl,urban
160724,Mahmudia,tl,urban
160779,Maliuc,tl,urban
160831,Mihai Bravu,tl,urban
160877,Mihail Kogalniceanu,tl,urban
160911,Murighiol,tl,urban
160993,Nalbant,tl,urban
161035,Niculitel,tl,urban
161053,Nufaru,tl,urban
161106,Ostrov,tl,urban
161133,Pardina,tl,urban
161151,Peceneaga,tl,urban
161179,Sarichioi,tl,urban
161231,Sfantu Gheorghe,tl,urban
161259,Slava Cercheza,tl,urban
161286,Smardan,tl,urban
161302,Somova,tl,urban
161348,Stejaru,tl,urban
161384,Topolog,tl,urban
161464,Turcoaia,tl,urban
161482,Valea Nucarilor,tl,urban
161525,I.c.bratianu,tl,urban
161543,Vacareni,tl,urban
161552,Bestepe,tl,urban
161561,Valea Teilor,tl,urban
161794,Municipiul Barlad,vs,urban
161829,Municipiul Husi,vs,urban
161856,Oras Negresti,vs,urban
161945,Municipiul Vaslui,vs,urban
162014,Albesti,vs,urban
162069,Alexandru Vlahuta,vs,urban
162149,Arsura,vs,urban
162194,Banca,vs,urban
162327,Bacani,vs,urban
162381,Bacesti,vs,urban
162452,Balteni,vs,urban
162498,Berezeni,vs,urban
162559,Blagesti,vs,urban
162595,Bogdana,vs,urban
162693,Bogdanesti,vs,urban
162791,Bogdanita,vs,urban
162871,Botesti,vs,urban
162924,Bunesti-Averesti,vs,urban
163002,Codaesti,vs,urban
163057,Coroiesti,vs,urban
163137,Costesti,vs,urban
163208,Cretesti,vs,urban
163253,Danesti,vs,urban
163324,Deleni,vs,urban
163379,Delesti,vs,urban
163486,Dragomiresti,vs,urban
163618,Dranceni,vs,urban
163681,Duda-Epureni,vs,urban
163734,Dumesti,vs,urban
163789,Epureni,vs,urban
163832,Falciu,vs,urban
163903,Gagesti,vs,urban
163967,Gherghesti,vs,urban
164062,Garceni,vs,urban
164133,Grivita,vs,urban
164197,Hoceni,vs,urban
164277,Dimitrie Cantemir,vs,urban
164339,Iana,vs,urban
164393,Ivanesti,vs,urban
164543,Ivesti,vs,urban
164598,Laza,vs,urban
164687,Lipovat,vs,urban
164749,Lunca Banului,vs,urban
164829,Malusteni,vs,urban
164892,Miclesti,vs,urban
164936,Muntenii De Jos,vs,urban
164981,Oras Murgeni,vs,urban
165069,Oltenesti,vs,urban
165130,Osesti,vs,urban
165185,Padureni,vs,urban
165274,Perieni,vs,urban
165336,Poienesti,vs,urban
165416,Pogana,vs,urban
165470,Puiesti,vs,urban
165611,Pungesti,vs,urban
165719,Rebricea,vs,urban
165817,Rosiesti,vs,urban
165899,Solesti,vs,urban
165979,Stanilesti,vs,urban
166057,Stefan Cel Mare,vs,urban
166137,Suletea,vs,urban
166182,Tanacu,vs,urban
166235,Tacuta,vs,urban
166315,Tatarani,vs,urban
166413,Todiresti,vs,urban
166529,Tutova,vs,urban
166636,Valeni,vs,urban
166672,Vetrisoaia,vs,urban
166707,Viisoara,vs,urban
166770,Vinderei,vs,urban
166869,Voinesti,vs,urban
166985,Vulturesti,vs,urban
167035,Vutcani,vs,urban
167071,Zapodeni,vs,urban
167179,Zorleni,vs,urban
167222,Ibanesti,vs,urban
167231,Fruntiseni,vs,urban
167240,Rafaila,vs,urban
167259,Pogonesti,vs,urban
167268,Ciocani,vs,urban
167277,Cozmesti,vs,urban
167286,Dodesti,vs,urban
167295,Feresti,vs,urban
167302,Muntenii De Sus,vs,urban
167311,Pochidia,vs,urban
167320,Puscasi,vs,urban
167473,Municipiul Ramnicu Valcea,vl,urban
167641,Oras Baile Govora,vl,urban
167696,Oras Baile Olanesti,vl,urban
167794,Oras Brezoi,vl,urban
167909,Oras Calimanesti,vl,urban
167981,Municipiul Dragasani,vl,urban
168041,Oras Horezu,vl,urban
168130,Oras Ocnele Mari,vl,urban
168229,Alunu,vl,urban
168309,Amarasti,vl,urban
168372,Oras Babeni,vl,urban
168452,Oras Balcesti,vl,urban
168559,Barbatesti,vl,urban
168602,Oras Berbesti,vl,urban
168675,Berislavesti,vl,urban
168755,Boisoara,vl,urban
168791,Budesti,vl,urban
168880,Bujoreni,vl,urban
168960,Bunesti,vl,urban
169039,Cernisoara,vl,urban
169119,Caineni,vl,urban
169182,Copaceni,vl,urban
169253,Costesti,vl,urban
169306,Creteni,vl,urban
169351,Daesti,vl,urban
169404,Danicei,vl,urban
169547,Dragoesti,vl,urban
169583,Fauresti,vl,urban
169681,Fartatesti,vl,urban
169896,Francesti,vl,urban
169994,Galicea,vl,urban
170097,Ghioroiu,vl,urban
170168,Glavile,vl,urban
170220,Golesti,vl,urban
170346,Gradistea,vl,urban
170444,Gusoeni,vl,urban
170514,Ionesti,vl,urban
170612,Lalosu,vl,urban
170685,Ladesti,vl,urban
170792,Lapusata,vl,urban
170872,Livezi,vl,urban
170952,Lungesti,vl,urban
171021,Malaia,vl,urban
171067,Mateesti,vl,urban
171101,Maciuca,vl,urban
171209,Madulari,vl,urban
171272,Maldaresti,vl,urban
171325,Mihaesti,vl,urban
171469,Milcoiu,vl,urban
171539,Muereasca,vl,urban
171628,Nicolae Balcescu,vl,urban
171806,Olanu,vl,urban
171879,Orlesti,vl,urban
171931,Otesani,vl,urban
171995,Pausesti,vl,urban
172082,Pausesti-Maglasi,vl,urban
172153,Perisani,vl,urban
172279,Pesceana,vl,urban
172340,Pietrari,vl,urban
172377,Popesti,vl,urban
172457,Prundeni,vl,urban
172509,Racovita,vl,urban
172581,Roesti,vl,urban
172698,Rosiile,vl,urban
172812,Runcu,vl,urban
172894,Salatrucel,vl,urban
172947,Scundu,vl,urban
172992,Sinesti,vl,urban
173061,Slatioara,vl,urban
173132,Stanesti,vl,urban
173230,Stoenesti,vl,urban
173374,Stoilesti,vl,urban
173533,Stroesti,vl,urban
173597,Sutesti,vl,urban
173686,Sirineasa,vl,urban
173748,Stefanesti,vl,urban
173793,Susani,vl,urban
173855,Tetoiu,vl,urban
173935,Tomsani,vl,urban
174021,Vaideeni,vl,urban
174085,Valea Mare,vl,urban
174156,Vladesti,vl,urban
174218,Voicesti,vl,urban
174254,Voineasa,vl,urban
174290,Zatreni,vl,urban
174496,Titesti,vl,urban
174502,Diculesti,vl,urban
174511,Lacusteni,vl,urban
174520,Mitrofani,vl,urban
174744,Municipiul Focsani,vn,urban
174780,Campineanca,vn,urban
174824,Golesti,vn,urban
174860,Municipiul Adjud,vn,urban
174922,Oras Marasesti,vn,urban
175019,Oras Odobesti,vn,urban
175055,Oras Panciu,vn,urban
175126,Andreiasu De Jos,vn,urban
175206,Balesti,vn,urban
175224,Barsesti,vn,urban
175260,Boghesti,vn,urban
175368,Bolotesti,vn,urban
175439,Bordesti,vn,urban
175466,Brosteni,vn,urban
175509,Chiojdeni,vn,urban
175590,Ciorasti,vn,urban
175670,Campuri,vn,urban
175732,Carligele,vn,urban
175787,Corbita,vn,urban
175885,Cotesti,vn,urban
175938,Dumbraveni,vn,urban
175983,Dumitresti,vn,urban
176150,Fitionesti,vn,urban
176212,Garoafa,vn,urban
176301,Gugesti,vn,urban
176338,Gura Calitei,vn,urban
176445,Homocea,vn,urban
176506,Jaristea,vn,urban
176551,Jitia,vn,urban
176613,Maicanesti,vn,urban
176686,Mera,vn,urban
176748,Milcovul,vn,urban
176793,Movilita,vn,urban
176855,Nanesti,vn,urban
176891,Naruja,vn,urban
176944,Nereju,vn,urban
177003,Nistoresti,vn,urban
177101,Paltin,vn,urban
177236,Paunesti,vn,urban
177263,Poiana Cristei,vn,urban
177352,Pufesti,vn,urban
177405,Racoasa,vn,urban
177469,Reghiu,vn,urban
177557,Ruginesti,vn,urban
177600,Sihlea,vn,urban
177655,Slobozia Bradului,vn,urban
177726,Slobozia Ciorasti,vn,urban
177762,Soveja,vn,urban
177799,Straoane,vn,urban
177842,Suraia,vn,urban
177879,Tanasoaia,vn,urban
177986,Tataranu,vn,urban
178046,Tamboesti,vn,urban
178117,Tulnici,vn,urban
178180,Tifesti,vn,urban
178279,Urechesti,vn,urban
178313,Valea Sarii,vn,urban
178377,Vidra,vn,urban
178475,Vintileasca,vn,urban
178545,Vizantea-Livezi,vn,urban
178607,Vanatori,vn,urban
178689,Vartescoiu,vn,urban
178750,Vrancioaia,vn,urban
178821,Vulturu,vn,urban
178885,Negrilesti,vn,urban
178894,Ploscuteni,vn,urban
178901,Popesti,vn,urban
178910,Paulesti,vn,urban
178929,Biliesti,vn,urban
178938,Gologanu,vn,urban
178947,Obrejita,vn,urban
178956,Rastoaca,vn,urban
178965,Spulber,vn,urban
179132,Municipiul Bucuresti,b,urban
179221,Oras Bragadiru,if,urban
179249,Chiajna,if,urban
179285,Oras Chitila,if,urban
179310,Dobroesti,if,urban
179347,Glina,if,urban
179383,Jilava,if,urban
179409,Oras Magurele,if,urban
179463,Mogosoaia,if,urban
179481,Oras Otopeni,if,urban
179515,Oras Pantelimon,if,urban
179533,Oras Popesti Leordeni,if,urban
179551,Oras Voluntari,if,urban
179588,Copaceni,if,urban
179604,Poienile Izei,mm,urban
179613,Sieu,mm,urban
179622,Grosii Tiblesului,mm,urban
179631,Treznea,sj,urban
179640,Vulcana-Pandele,db,urban
179659,Negrilesti,bn,urban
179677,Camin,sm,urban
179686,Dumitrita,bn,urban
179695,Simisna,sj,urban
179702,Traian,il,urban
179711,Vladeni,db,urban
179720,Poiana Ilvei,bn,urban
179739,Malu,gr,urban
179748,Cosoba,gr,urban
179757,Herasti,gr,urban
179766,Isvoarele,gr,urban
179775,Sabareni,gr,urban
179784,Boranesti,il,urban
179793,Buesti,il,urban
179800,Maia,il,urban
179819,Ograda,il,urban
179828,Rosiori,il,urban
179837,Coas,mm,urban
179846,Coltau,mm,urban
179855,Gardani,mm,urban
179864,Oncesti,mm,urban
179873,Agris,sm,urban
179882,Ciumesti,sm,urban
179891,Raciu,db,urban
179908,Pietrari,db,urban
179917,Rau Alb,db,urban
179926,Rascaeti,db,urban
179935,Persinari,db,urban
179944,Runcu Salvei,bn,urban
179953,Ciceu- Mihaiesti,bn,urban
179962,Galbinasi,cl,urban
179971,Colelia,il,urban
179980,Marculesti,il,urban
179999,Moldoveni,il,urban
180000,Platonesti,il,urban
180019,Sarateni,il,urban
180028,Porumbesti,sm,urban
180037,Boghis,sj,urban
180046,Gura Ialomitei,il,urban
180055,Crivat,cl,urban
180064,Barbulesti,il,urban
180091,Racsa,sm,urban
